order_id,order_date,customer_id,region,product_category,product_name,quantity,unit_price,discount_pct,gross_revenue,shipping_cost,payment_method,order_status,customer_segment,return_flag,sales_rep
ORD-2024-00001,2024-11-23,CUST-1488,North America,Electronics,4K Monitor,4,206.88,0,827.52,30.45,Credit Card,completed,Startup,,
ORD-2024-00002,2024-01-14,CUST-6574,Middle East,Sports,Cycling Helmet,7,204.41,10,1287.78,36.42,Apple Pay,completed,SMB,,Carol Singh
ORD-2024-00003,2024-02-22,CUST-2291,North America,Automotive,Dash Cam,6,763.12,10,4120.85,36.32,Apple Pay,shipped,Enterprise,,
ORD-2024-00004,2024-07-04,CUST-5554,Middle East,Sports,Yoga Mat,1,597.19,10,537.47,44.33,Apple Pay,completed,Enterprise,,Bob Martinez
ORD-2024-00005,2024-07-08,CUST-8573,Asia Pacific,Sports,Tennis Racket,12,842.56,0,10110.72,27.41,PayPal,completed,SMB,,
ORD-2024-00006,2024-04-22,CUST-9179,Asia Pacific,Electronics,Smart Watch,1,725.3,20,580.24,12.05,PayPal,completed,Consumer,,David Kim
ORD-2024-00007,2024-03-14,CUST-4593,Asia Pacific,Home & Garden,Ceramic Planter,12,508.18,10,5488.34,33.62,Wire Transfer,returned,Startup,,
ORD-2024-00008,2024-09-09,CUST-8668,North America,Electronics,Wireless Earbuds,3,567.05,20,1360.92,26.84,Invoice,returned,Startup,,Alice Chen
ORD-2024-00009,2024-12-14,CUST-2743,North America,Beauty,Moisturizer,2,269.51,0,539.02,20.42,Invoice,pending,SMB,,
ORD-2024-00010,2024-11-07,CUST-6947,Europe,Home & Garden,LED Desk Lamp,3,488.59,0,1465.77,26.95,Credit Card,shipped,Enterprise,,Carol Singh
ORD-2024-00011,2024-05-02,CUST-3705,North America,Sports,Cycling Helmet,2,84.32,25,126.48,36.72,Apple Pay,completed,SMB,,David Kim
ORD-2024-00012,2024-04-18,CUST-4681,Middle East,Sports,Tennis Racket,7,894.68,15,5323.35,19.71,PayPal,shipped,Enterprise,yes,
ORD-2024-00013,2024-10-10,CUST-9423,Europe,Sports,Yoga Mat,2,638.69,0,1277.38,10.3,Credit Card,completed,Consumer,,Bob Martinez
ORD-2024-00014,2024-10-03,CUST-7735,Europe,Toys,Board Game,8,727.48,5,5528.85,4.24,Apple Pay,returned,Consumer,,Alice Chen
ORD-2024-00015,2024-02-01,CUST-5092,Latin America,Books,Data Science Handbook,4,178.71,25,536.13,6.31,Apple Pay,completed,Consumer,,
ORD-2024-00016,2024-10-08,CUST-7570,North America,Electronics,USB-C Hub,1,871.38,5,827.81,7.48,PayPal,shipped,Startup,,Alice Chen
ORD-2024-00017,2024-07-18,CUST-9883,Asia Pacific,Toys,RC Car,7,628.66,25,3300.47,6.97,Credit Card,pending,SMB,yes,Alice Chen
ORD-2024-00018,2024-10-26,CUST-2964,Latin America,Home & Garden,Air Purifier,9,79.38,0,714.42,3.08,Apple Pay,completed,SMB,,
ORD-2024-00019,2024-10-31,CUST-5351,North America,Apparel,Silk Scarf,11,528.05,15,4937.27,42.06,PayPal,completed,Consumer,,Carol Singh
ORD-2024-00020,2024-08-22,CUST-6718,Asia Pacific,Apparel,Winter Jacket,8,561.45,0,4491.6,3.3,PayPal,completed,Consumer,,Carol Singh
ORD-2024-00021,2024-05-25,CUST-5333,Europe,Toys,Puzzle Set,12,277.54,0,3330.48,30.05,PayPal,pending,Enterprise,,
ORD-2024-00022,2024-10-10,CUST-1832,Europe,Beauty,Moisturizer,10,195.67,15,1663.19,9.16,Wire Transfer,pending,Startup,,Carol Singh
ORD-2024-00023,2024-01-23,CUST-2232,North America,Books,Fiction Bestseller,11,881.0,0,9691.0,33.36,Credit Card,returned,Enterprise,,Bob Martinez
ORD-2024-00024,2024-10-06,CUST-4441,North America,Books,Children's Atlas,9,139.95,0,1259.55,1.88,Wire Transfer,cancelled,Enterprise,,Carol Singh
ORD-2024-00025,2024-10-13,CUST-7745,Latin America,Home & Garden,Ceramic Planter,3,877.8,0,2633.4,39.66,Wire Transfer,completed,SMB,,Bob Martinez
ORD-2024-00026,2024-05-16,CUST-4728,Europe,Apparel,Silk Scarf,1,773.01,5,734.36,8.98,Wire Transfer,shipped,Consumer,,David Kim
ORD-2024-00027,2024-06-17,CUST-5279,Asia Pacific,Apparel,Denim Jeans,6,579.56,20,2781.89,30.58,Credit Card,cancelled,Enterprise,,Carol Singh
ORD-2024-00028,2024-01-20,CUST-4114,North America,Automotive,Phone Mount,12,708.71,20,6803.62,27.28,Invoice,completed,Startup,,Alice Chen
ORD-2024-00029,2024-09-23,CUST-6067,Middle East,Sports,Tennis Racket,7,70.35,15,418.58,28.04,Invoice,completed,Consumer,,Carol Singh
ORD-2024-00030,2024-10-10,CUST-1006,Europe,Sports,Hiking Backpack,11,845.86,0,9304.46,27.7,Invoice,pending,Startup,,
ORD-2024-00031,2024-11-06,CUST-9445,Asia Pacific,Toys,Plush Toy,8,609.98,25,3659.88,35.72,Wire Transfer,completed,Enterprise,,Alice Chen
ORD-2024-00032,2024-04-30,CUST-4185,Asia Pacific,Sports,Dumbbell Set,3,29.76,5,84.82,44.28,Apple Pay,completed,Startup,,David Kim
ORD-2024-00033,2024-05-04,CUST-3184,Europe,Electronics,Wireless Earbuds,7,202.99,25,1065.7,2.26,Apple Pay,completed,Enterprise,,
ORD-2024-00034,2024-10-31,CUST-8373,Asia Pacific,Toys,Puzzle Set,12,802.79,20,7706.78,37.38,Apple Pay,shipped,SMB,,Carol Singh
ORD-2024-00035,2024-09-23,CUST-2320,Latin America,Sports,Tennis Racket,8,77.04,10,554.69,10.55,Invoice,cancelled,Consumer,,Bob Martinez
ORD-2024-00036,2024-12-27,CUST-1320,Europe,Apparel,Silk Scarf,7,302.82,25,1589.8,18.71,Apple Pay,completed,Startup,,David Kim
ORD-2024-00037,2024-09-01,CUST-5471,North America,Books,Cookbook,7,768.42,20,4303.15,24.22,PayPal,completed,Startup,,
ORD-2024-00038,2024-06-21,CUST-3223,Latin America,Home & Garden,Memory Foam Pillow,3,881.82,0,2645.46,40.81,Apple Pay,completed,Enterprise,,Carol Singh
ORD-2024-00039,2024-07-13,CUST-8705,Asia Pacific,Sports,Hiking Backpack,6,308.71,20,1481.81,12.52,Credit Card,returned,Consumer,yes,Carol Singh
ORD-2024-00040,2024-04-24,CUST-2874,North America,Electronics,Wireless Earbuds,4,185.63,0,742.52,27.96,Apple Pay,completed,SMB,,Carol Singh
ORD-2024-00041,2024-07-07,CUST-2245,Europe,Apparel,Running Shoes,5,104.32,0,521.6,41.8,PayPal,returned,Startup,,Bob Martinez
ORD-2024-00042,2024-02-22,CUST-7882,Asia Pacific,Apparel,Athletic Shorts,1,317.36,20,253.89,29.77,Credit Card,completed,Consumer,,
ORD-2024-00043,2024-07-04,CUST-5397,Latin America,Home & Garden,Memory Foam Pillow,3,661.81,10,1786.89,27.72,Apple Pay,shipped,Startup,,Alice Chen
ORD-2024-00044,2024-05-22,CUST-8988,Latin America,Sports,Hiking Backpack,10,551.81,20,4414.48,15.14,PayPal,shipped,Consumer,,Carol Singh
ORD-2024-00045,2024-05-23,CUST-4937,Middle East,Beauty,Makeup Kit,1,468.31,5,444.89,3.85,Invoice,returned,Startup,,David Kim
ORD-2024-00046,2024-08-17,CUST-9698,North America,Apparel,Denim Jeans,4,368.32,5,1399.62,13.78,Invoice,cancelled,Startup,,
ORD-2024-00047,2024-06-18,CUST-4033,Asia Pacific,Toys,RC Car,5,232.0,0,1160.0,32.46,Invoice,cancelled,Enterprise,,Carol Singh
ORD-2024-00048,2024-10-28,CUST-1745,Middle East,Beauty,Vitamin C Serum,4,271.96,15,924.66,8.07,Wire Transfer,completed,SMB,,Bob Martinez
ORD-2024-00049,2024-11-22,CUST-8827,Latin America,Apparel,Winter Jacket,10,261.35,25,1960.12,19.82,Wire Transfer,completed,Enterprise,,
ORD-2024-00050,2024-09-08,CUST-7818,North America,Electronics,Smart Watch,3,730.73,10,1972.97,3.83,Invoice,completed,Enterprise,,Bob Martinez
ORD-2024-00051,2024-09-24,CUST-4457,Latin America,Toys,Plush Toy,5,774.41,20,3097.64,13.74,PayPal,completed,Enterprise,,
ORD-2024-00052,2024-05-02,CUST-8438,Europe,Apparel,Running Shoes,1,371.99,25,278.99,13.11,Wire Transfer,completed,Consumer,yes,Carol Singh
ORD-2024-00053,2024-11-16,CUST-3718,Middle East,Sports,Hiking Backpack,2,493.21,0,986.42,40.88,Credit Card,completed,Enterprise,,
ORD-2024-00054,2024-05-27,CUST-1653,Latin America,Apparel,Silk Scarf,12,278.95,20,2677.92,42.42,Credit Card,shipped,Startup,,
ORD-2024-00055,2024-05-08,CUST-8708,North America,Apparel,Running Shoes,11,752.84,0,8281.24,44.98,PayPal,pending,Enterprise,,Carol Singh
ORD-2024-00056,2024-04-02,CUST-7744,Middle East,Automotive,Tire Pressure Gauge,2,426.78,20,682.85,15.0,Wire Transfer,completed,SMB,,David Kim
ORD-2024-00057,2024-10-08,CUST-8569,North America,Toys,Building Blocks,6,232.89,0,1397.34,43.66,Invoice,returned,Enterprise,,Carol Singh
ORD-2024-00058,2024-11-14,CUST-1472,Latin America,Toys,Building Blocks,4,245.95,0,983.8,41.75,Credit Card,shipped,Startup,,Bob Martinez
ORD-2024-00059,2024-12-29,CUST-3522,Europe,Beauty,Makeup Kit,1,500.06,0,500.06,10.11,Credit Card,completed,Startup,,
ORD-2024-00060,2024-12-27,CUST-7798,Asia Pacific,Automotive,Tire Pressure Gauge,8,225.16,0,1801.28,17.26,Wire Transfer,completed,Enterprise,,Carol Singh
ORD-2024-00061,2024-01-02,CUST-6446,Asia Pacific,Beauty,Makeup Kit,10,898.02,25,6735.15,38.94,Wire Transfer,shipped,Startup,,David Kim
ORD-2024-00062,2024-06-13,CUST-3492,Europe,Sports,Cycling Helmet,7,216.1,20,1210.16,1.96,Apple Pay,shipped,Startup,,
ORD-2024-00063,2024-09-14,CUST-2225,Middle East,Books,Data Science Handbook,8,96.84,25,581.04,0.69,PayPal,completed,Startup,,Carol Singh
ORD-2024-00064,2024-11-15,CUST-2121,Latin America,Apparel,Denim Jeans,11,773.67,20,6808.3,42.94,Invoice,shipped,Enterprise,,Carol Singh
ORD-2024-00065,2024-04-26,CUST-6314,North America,Automotive,Dash Cam,11,635.17,0,6986.87,19.97,Credit Card,pending,Enterprise,,Carol Singh
ORD-2024-00066,2024-08-08,CUST-4945,Europe,Sports,Cycling Helmet,7,512.24,0,3585.68,7.65,Invoice,completed,Startup,,Bob Martinez
ORD-2024-00067,2024-08-24,CUST-6661,Asia Pacific,Toys,RC Car,11,16.37,25,135.05,40.55,Apple Pay,completed,Enterprise,,David Kim
ORD-2024-00068,2024-12-19,CUST-5847,Asia Pacific,Toys,RC Car,4,898.44,25,2695.32,4.8,Invoice,returned,Consumer,,David Kim
ORD-2024-00069,2024-05-20,CUST-4115,North America,Electronics,USB-C Hub,12,450.58,10,4866.26,34.91,PayPal,completed,Consumer,,Bob Martinez
ORD-2024-00070,2024-11-17,CUST-7807,North America,Electronics,4K Monitor,8,37.73,15,256.56,32.96,Wire Transfer,completed,Consumer,,
ORD-2024-00071,2024-10-03,CUST-8673,Asia Pacific,Beauty,Hair Dryer,5,822.42,25,3084.07,43.53,Credit Card,pending,Consumer,,
ORD-2024-00072,2024-04-25,CUST-2775,Latin America,Books,Data Science Handbook,7,20.4,0,142.8,20.47,Wire Transfer,pending,Startup,,
ORD-2024-00073,2024-10-14,CUST-1609,Asia Pacific,Sports,Yoga Mat,11,742.06,10,7346.39,29.22,Credit Card,completed,SMB,,Alice Chen
ORD-2024-00074,2024-04-30,CUST-9017,Middle East,Home & Garden,Memory Foam Pillow,8,338.57,20,2166.85,26.43,Credit Card,completed,Startup,,Carol Singh
ORD-2024-00075,2024-01-17,CUST-7523,Asia Pacific,Sports,Hiking Backpack,8,854.94,15,5813.59,4.47,Credit Card,cancelled,Consumer,,David Kim
ORD-2024-00076,2024-02-16,CUST-4394,Europe,Electronics,Wireless Earbuds,6,225.02,0,1350.12,35.41,Invoice,completed,Enterprise,,Bob Martinez
ORD-2024-00077,2024-06-17,CUST-1243,Europe,Electronics,4K Monitor,3,887.89,10,2397.3,35.93,PayPal,completed,Enterprise,,
ORD-2024-00078,2024-06-14,CUST-6931,North America,Home & Garden,LED Desk Lamp,1,120.94,20,96.75,23.67,Apple Pay,completed,Startup,,
ORD-2024-00079,2024-09-14,CUST-2768,Europe,Electronics,USB-C Hub,5,416.12,0,2080.6,2.74,Apple Pay,shipped,Startup,,Alice Chen
ORD-2024-00080,2024-02-11,CUST-8048,Asia Pacific,Home & Garden,Air Purifier,3,253.04,15,645.25,17.14,Invoice,pending,Startup,,
ORD-2024-00081,2024-04-20,CUST-6120,Latin America,Toys,Board Game,7,309.99,25,1627.45,17.94,Apple Pay,completed,Consumer,,Bob Martinez
ORD-2024-00082,2024-12-17,CUST-1982,Latin America,Apparel,Winter Jacket,2,91.07,0,182.14,33.51,Invoice,cancelled,SMB,,Carol Singh
ORD-2024-00083,2024-12-09,CUST-6119,North America,Automotive,Phone Mount,11,846.55,20,7449.64,39.06,Invoice,completed,Consumer,,Bob Martinez
ORD-2024-00084,2024-03-20,CUST-1430,Latin America,Sports,Yoga Mat,6,761.23,15,3882.27,5.17,Apple Pay,pending,SMB,,Carol Singh
ORD-2024-00085,2024-01-15,CUST-1502,Europe,Beauty,Moisturizer,6,320.76,0,1924.56,39.14,PayPal,returned,Enterprise,,David Kim
ORD-2024-00086,2024-08-02,CUST-3579,Latin America,Books,Fiction Bestseller,6,285.67,15,1456.92,34.96,PayPal,completed,Enterprise,,
ORD-2024-00087,2024-02-11,CUST-2816,Asia Pacific,Toys,Plush Toy,8,548.9,20,3512.96,12.29,Apple Pay,completed,Consumer,,David Kim
ORD-2024-00088,2024-09-26,CUST-5186,Asia Pacific,Electronics,Smart Watch,7,885.14,0,6195.98,0.35,PayPal,pending,SMB,,
ORD-2024-00089,2024-09-11,CUST-1693,Latin America,Home & Garden,Ceramic Planter,7,482.53,5,3208.82,22.51,Apple Pay,cancelled,Enterprise,,Alice Chen
ORD-2024-00090,2024-06-09,CUST-3815,Middle East,Automotive,Car Vacuum,7,640.16,20,3584.9,13.03,Wire Transfer,returned,Enterprise,,Carol Singh
ORD-2024-00091,2024-02-15,CUST-6456,Latin America,Apparel,Running Shoes,7,532.68,0,3728.76,17.81,PayPal,pending,Consumer,,
ORD-2024-00092,2024-11-20,CUST-3842,North America,Sports,Tennis Racket,6,656.09,0,3936.54,10.63,PayPal,completed,Consumer,,Alice Chen
ORD-2024-00093,2024-03-31,CUST-2118,Latin America,Toys,Puzzle Set,10,407.97,15,3467.75,38.89,Apple Pay,cancelled,SMB,,Carol Singh
ORD-2024-00094,2024-10-29,CUST-2479,North America,Books,Children's Atlas,2,284.57,25,426.86,1.69,Credit Card,cancelled,Consumer,,David Kim
ORD-2024-00095,2024-10-24,CUST-2695,Middle East,Electronics,Mechanical Keyboard,10,588.79,15,5004.71,27.23,Apple Pay,completed,Enterprise,,Alice Chen
ORD-2024-00096,2024-09-15,CUST-5634,Europe,Electronics,Smart Watch,12,398.04,25,3582.36,23.58,Wire Transfer,completed,Consumer,,
ORD-2024-00097,2024-01-27,CUST-3317,Asia Pacific,Apparel,Denim Jeans,2,505.15,20,808.24,12.79,Credit Card,completed,Consumer,,David Kim
ORD-2024-00098,2024-03-07,CUST-6928,Middle East,Apparel,Denim Jeans,9,343.62,15,2628.69,36.59,Invoice,completed,Startup,yes,Bob Martinez
ORD-2024-00099,2024-06-23,CUST-3147,Latin America,Sports,Dumbbell Set,3,146.06,10,394.36,38.0,Wire Transfer,completed,Enterprise,,Bob Martinez
ORD-2024-00100,2024-12-20,CUST-9749,Middle East,Home & Garden,Memory Foam Pillow,1,374.08,5,355.38,43.63,PayPal,pending,Startup,,David Kim
ORD-2024-00101,2024-04-09,CUST-1854,Asia Pacific,Toys,Plush Toy,5,701.31,20,2805.24,43.48,Wire Transfer,completed,SMB,,
ORD-2024-00102,2024-02-22,CUST-4637,Middle East,Apparel,Denim Jeans,2,687.94,10,1238.29,20.22,Credit Card,completed,Startup,,Alice Chen
ORD-2024-00103,2024-07-31,CUST-6493,North America,Automotive,Car Vacuum,6,218.08,0,1308.48,16.87,Credit Card,completed,Consumer,,
ORD-2024-00104,2024-05-26,CUST-9647,Latin America,Home & Garden,Memory Foam Pillow,8,556.28,0,4450.24,0.86,Invoice,completed,SMB,,Bob Martinez
ORD-2024-00105,2024-06-03,CUST-4963,North America,Electronics,Smart Watch,7,577.31,25,3030.88,2.83,Invoice,shipped,Enterprise,,Alice Chen
ORD-2024-00106,2024-11-10,CUST-9914,Asia Pacific,Sports,Cycling Helmet,7,174.9,0,1224.3,23.56,Invoice,cancelled,Enterprise,,
ORD-2024-00107,2024-01-11,CUST-6649,Latin America,Toys,Building Blocks,11,352.71,15,3297.84,11.41,Credit Card,completed,Consumer,,Alice Chen
ORD-2024-00108,2024-10-24,CUST-3209,Asia Pacific,Home & Garden,Air Purifier,6,494.5,0,2967.0,37.37,PayPal,shipped,Startup,yes,David Kim
ORD-2024-00109,2024-01-19,CUST-1599,Asia Pacific,Sports,Yoga Mat,4,797.24,15,2710.62,42.0,Wire Transfer,returned,Startup,,Carol Singh
ORD-2024-00110,2024-01-25,CUST-9129,Asia Pacific,Beauty,Vitamin C Serum,6,397.32,20,1907.14,33.45,PayPal,returned,Consumer,,
ORD-2024-00111,2024-05-16,CUST-6372,North America,Automotive,Dash Cam,7,544.79,0,3813.53,24.55,Credit Card,cancelled,Enterprise,,
ORD-2024-00112,2024-08-06,CUST-2229,Europe,Toys,RC Car,8,45.74,15,311.03,27.67,Credit Card,returned,Consumer,,
ORD-2024-00113,2024-12-13,CUST-6933,Europe,Electronics,Smart Watch,10,612.18,25,4591.35,1.57,Wire Transfer,completed,SMB,,
ORD-2024-00114,2024-03-19,CUST-5089,Latin America,Books,Cookbook,8,687.91,0,5503.28,23.83,Wire Transfer,returned,Consumer,,
ORD-2024-00115,2024-04-05,CUST-4279,Latin America,Automotive,Car Vacuum,2,241.24,10,434.23,31.68,Apple Pay,completed,Consumer,,David Kim
ORD-2024-00116,2024-03-29,CUST-3852,Latin America,Apparel,Denim Jeans,11,317.56,0,3493.16,24.75,PayPal,pending,Consumer,,Alice Chen
ORD-2024-00117,2024-04-12,CUST-6067,Europe,Sports,Hiking Backpack,1,329.56,15,280.13,21.03,Credit Card,completed,Enterprise,,David Kim
ORD-2024-00118,2024-09-26,CUST-6644,Latin America,Automotive,Car Vacuum,2,119.67,15,203.44,28.91,Invoice,shipped,Startup,,
ORD-2024-00119,2024-11-23,CUST-3653,Middle East,Home & Garden,Ceramic Planter,7,456.05,0,3192.35,37.41,PayPal,completed,Consumer,,Carol Singh
ORD-2024-00120,2024-09-22,CUST-3762,Asia Pacific,Apparel,Denim Jeans,4,573.84,10,2065.82,5.63,Invoice,pending,Enterprise,,Bob Martinez
ORD-2024-00121,2024-12-03,CUST-7825,Middle East,Books,Children's Atlas,1,743.29,0,743.29,3.66,Invoice,pending,SMB,,
ORD-2024-00122,2024-11-17,CUST-8202,Middle East,Beauty,Moisturizer,8,226.19,20,1447.62,13.38,PayPal,completed,Enterprise,,Carol Singh
ORD-2024-00123,2024-11-06,CUST-2739,Europe,Books,Cookbook,12,888.33,15,9060.97,43.89,Invoice,completed,Consumer,,Carol Singh
ORD-2024-00124,2024-08-18,CUST-6364,Europe,Home & Garden,Air Purifier,1,266.58,20,213.26,38.89,PayPal,returned,SMB,,Bob Martinez
ORD-2024-00125,2024-03-22,CUST-6781,Latin America,Toys,Plush Toy,5,451.16,0,2255.8,42.54,PayPal,shipped,SMB,yes,
ORD-2024-00126,2024-11-30,CUST-6995,Latin America,Beauty,Makeup Kit,1,762.83,20,610.26,6.03,Apple Pay,pending,Consumer,yes,
ORD-2024-00127,2024-10-14,CUST-2584,Europe,Books,Children's Atlas,5,73.52,25,275.7,34.4,PayPal,pending,Enterprise,,Carol Singh
ORD-2024-00128,2024-10-12,CUST-9508,Asia Pacific,Home & Garden,Ceramic Planter,10,461.63,0,4616.3,2.04,Apple Pay,completed,Consumer,,
ORD-2024-00129,2024-03-12,CUST-1272,Asia Pacific,Books,Fiction Bestseller,7,890.64,10,5611.03,26.72,Apple Pay,shipped,Consumer,,David Kim
ORD-2024-00130,2024-10-25,CUST-7229,Asia Pacific,Electronics,USB-C Hub,8,244.59,5,1858.88,32.46,Invoice,shipped,SMB,,Alice Chen
ORD-2024-00131,2024-10-20,CUST-8726,North America,Sports,Yoga Mat,8,287.5,0,2300.0,18.58,Invoice,completed,Startup,,Alice Chen
ORD-2024-00132,2024-12-27,CUST-9734,Europe,Sports,Cycling Helmet,6,897.33,25,4037.99,23.65,Apple Pay,cancelled,SMB,,Carol Singh
ORD-2024-00133,2024-11-08,CUST-9011,Latin America,Sports,Dumbbell Set,5,505.26,5,2399.99,42.37,PayPal,pending,Consumer,,Carol Singh
ORD-2024-00134,2024-05-27,CUST-8247,North America,Automotive,Tire Pressure Gauge,6,858.56,0,5151.36,13.07,Wire Transfer,pending,Enterprise,,Bob Martinez
ORD-2024-00135,2024-04-13,CUST-9700,Middle East,Beauty,Makeup Kit,12,250.01,0,3000.12,27.71,Credit Card,completed,SMB,,Alice Chen
ORD-2024-00136,2024-07-30,CUST-8822,Asia Pacific,Toys,Building Blocks,11,694.75,0,7642.25,43.4,Apple Pay,completed,Startup,,Carol Singh
ORD-2024-00137,2024-06-13,CUST-1595,Asia Pacific,Electronics,Wireless Earbuds,11,519.55,0,5715.05,41.1,PayPal,completed,Startup,,David Kim
ORD-2024-00138,2024-04-05,CUST-9901,Asia Pacific,Electronics,Wireless Earbuds,5,514.05,0,2570.25,41.78,Apple Pay,cancelled,Consumer,,Bob Martinez
ORD-2024-00139,2024-09-15,CUST-5833,Latin America,Beauty,Hair Dryer,2,302.64,25,453.96,29.17,Wire Transfer,completed,Enterprise,,Bob Martinez
ORD-2024-00140,2024-11-08,CUST-5064,Latin America,Automotive,Car Vacuum,6,85.28,0,511.68,8.32,Wire Transfer,completed,Startup,yes,David Kim
ORD-2024-00141,2024-05-16,CUST-8625,Asia Pacific,Beauty,Makeup Kit,12,518.43,10,5599.04,29.42,Credit Card,completed,Enterprise,,
ORD-2024-00142,2024-12-26,CUST-7121,Asia Pacific,Apparel,Denim Jeans,6,555.63,5,3167.09,43.08,Apple Pay,shipped,SMB,,David Kim
ORD-2024-00143,2024-10-02,CUST-9281,Europe,Sports,Cycling Helmet,2,476.23,15,809.59,3.51,Invoice,completed,Enterprise,,Bob Martinez
ORD-2024-00144,2024-06-16,CUST-3161,Middle East,Toys,Building Blocks,11,191.01,25,1575.83,4.09,Apple Pay,shipped,Enterprise,,Alice Chen
ORD-2024-00145,2024-10-13,CUST-6644,Latin America,Beauty,Vitamin C Serum,7,234.72,0,1643.04,33.56,Apple Pay,completed,Enterprise,,Alice Chen
ORD-2024-00146,2024-02-05,CUST-8348,Latin America,Electronics,4K Monitor,7,168.36,0,1178.52,34.46,Apple Pay,returned,Consumer,,David Kim
ORD-2024-00147,2024-02-11,CUST-5888,Middle East,Home & Garden,LED Desk Lamp,2,167.02,20,267.23,23.8,Credit Card,completed,Enterprise,,David Kim
ORD-2024-00148,2024-09-29,CUST-1256,Latin America,Sports,Dumbbell Set,8,316.43,10,2278.3,8.48,Apple Pay,completed,Enterprise,,
ORD-2024-00149,2024-10-31,CUST-4839,North America,Toys,Puzzle Set,11,634.63,0,6980.93,11.01,Apple Pay,completed,Startup,,Alice Chen
ORD-2024-00150,2024-03-12,CUST-5923,Middle East,Beauty,Hair Dryer,12,521.31,15,5317.36,10.66,Apple Pay,completed,SMB,,
ORD-2024-00151,2024-03-30,CUST-3444,Latin America,Toys,Building Blocks,6,846.95,20,4065.36,35.36,Apple Pay,cancelled,Startup,,
ORD-2024-00152,2024-08-30,CUST-9683,Europe,Sports,Tennis Racket,12,136.62,25,1229.58,41.16,Invoice,returned,Startup,,Bob Martinez
ORD-2024-00153,2024-06-18,CUST-4082,North America,Toys,RC Car,2,485.25,5,921.97,2.32,Credit Card,returned,Enterprise,,
ORD-2024-00154,2024-04-21,CUST-4974,Latin America,Sports,Tennis Racket,5,860.7,0,4303.5,9.53,Apple Pay,completed,Enterprise,,David Kim
ORD-2024-00155,2024-05-02,CUST-2615,Middle East,Books,Cookbook,7,423.43,15,2519.41,13.88,Apple Pay,cancelled,Startup,,Carol Singh
ORD-2024-00156,2024-04-14,CUST-7841,Asia Pacific,Books,Biography,1,509.21,5,483.75,33.36,Invoice,completed,Consumer,,Bob Martinez
ORD-2024-00157,2024-07-13,CUST-3756,Middle East,Sports,Hiking Backpack,9,591.26,15,4523.14,11.58,Apple Pay,shipped,Startup,,Bob Martinez
ORD-2024-00158,2024-10-06,CUST-7756,Latin America,Home & Garden,Tool Set,11,860.9,0,9469.9,37.76,Credit Card,completed,Enterprise,,Alice Chen
ORD-2024-00159,2024-12-28,CUST-1108,Europe,Electronics,Smart Watch,9,414.3,0,3728.7,27.8,Credit Card,shipped,Startup,,Alice Chen
ORD-2024-00160,2024-09-28,CUST-9591,Asia Pacific,Beauty,Vitamin C Serum,9,732.52,20,5274.14,36.28,Credit Card,completed,Enterprise,,
ORD-2024-00161,2024-05-09,CUST-2320,Asia Pacific,Beauty,Perfume Set,2,340.39,20,544.62,20.65,Wire Transfer,completed,SMB,,Alice Chen
ORD-2024-00162,2024-02-17,CUST-6427,Latin America,Automotive,Tire Pressure Gauge,9,432.12,0,3889.08,31.63,Apple Pay,completed,Startup,,Alice Chen
ORD-2024-00163,2024-09-27,CUST-1539,North America,Sports,Dumbbell Set,12,798.81,25,7189.29,12.2,Invoice,completed,Consumer,,Alice Chen
ORD-2024-00164,2024-04-16,CUST-3292,Middle East,Home & Garden,Memory Foam Pillow,2,274.66,5,521.85,25.5,Apple Pay,returned,Consumer,,Alice Chen
ORD-2024-00165,2024-09-13,CUST-5478,Asia Pacific,Electronics,Wireless Earbuds,7,214.84,0,1503.88,15.33,Credit Card,returned,Consumer,,Bob Martinez
ORD-2024-00166,2024-07-01,CUST-2344,Middle East,Automotive,Tire Pressure Gauge,3,613.61,20,1472.66,3.86,Credit Card,pending,SMB,,Bob Martinez
ORD-2024-00167,2024-07-18,CUST-2430,Asia Pacific,Books,Data Science Handbook,2,12.63,10,22.73,20.01,PayPal,pending,Enterprise,,
ORD-2024-00168,2024-09-19,CUST-5781,Latin America,Apparel,Winter Jacket,2,323.34,0,646.68,26.86,Credit Card,cancelled,Startup,,
ORD-2024-00169,2024-05-04,CUST-8121,Middle East,Home & Garden,Memory Foam Pillow,3,131.71,10,355.62,12.08,PayPal,completed,Enterprise,,Alice Chen
ORD-2024-00170,2024-07-03,CUST-6443,Asia Pacific,Sports,Hiking Backpack,10,557.45,25,4180.88,4.81,Apple Pay,pending,Enterprise,,Carol Singh
ORD-2024-00171,2024-08-13,CUST-5775,Asia Pacific,Automotive,Car Vacuum,3,275.69,5,785.72,21.56,Wire Transfer,completed,Startup,,
ORD-2024-00172,2024-05-04,CUST-4434,Asia Pacific,Automotive,Phone Mount,7,333.23,5,2215.98,26.65,Apple Pay,completed,Enterprise,,Alice Chen
ORD-2024-00173,2024-07-28,CUST-8851,Latin America,Home & Garden,LED Desk Lamp,4,233.14,0,932.56,32.19,Apple Pay,returned,Enterprise,,David Kim
ORD-2024-00174,2024-10-05,CUST-1725,North America,Books,Children's Atlas,10,576.62,0,5766.2,4.92,PayPal,completed,Consumer,,David Kim
ORD-2024-00175,2024-06-18,CUST-9199,Latin America,Apparel,Winter Jacket,2,238.54,5,453.23,20.06,Invoice,returned,Startup,,David Kim
ORD-2024-00176,2024-02-23,CUST-9537,Asia Pacific,Automotive,Dash Cam,2,748.7,0,1497.4,15.67,PayPal,cancelled,Startup,,David Kim
ORD-2024-00177,2024-12-22,CUST-4996,Latin America,Books,Data Science Handbook,5,47.81,0,239.05,1.02,PayPal,cancelled,Enterprise,,Carol Singh
ORD-2024-00178,2024-10-13,CUST-4232,Latin America,Toys,Board Game,7,569.12,0,3983.84,28.82,Credit Card,returned,Startup,,Alice Chen
ORD-2024-00179,2024-12-26,CUST-4228,Europe,Sports,Tennis Racket,12,728.58,0,8742.96,25.98,Wire Transfer,completed,Consumer,,David Kim
ORD-2024-00180,2024-09-27,CUST-2388,Asia Pacific,Automotive,Car Vacuum,7,531.02,15,3159.57,15.84,Wire Transfer,shipped,SMB,,Bob Martinez
ORD-2024-00181,2024-06-05,CUST-4043,North America,Home & Garden,LED Desk Lamp,12,133.95,20,1285.92,18.82,Apple Pay,completed,Startup,,Bob Martinez
ORD-2024-00182,2024-10-11,CUST-3236,Europe,Toys,RC Car,3,174.7,25,393.07,27.87,Apple Pay,cancelled,Enterprise,,
ORD-2024-00183,2024-09-15,CUST-5785,Latin America,Automotive,Tire Pressure Gauge,7,640.74,25,3363.89,21.99,PayPal,completed,Enterprise,yes,Carol Singh
ORD-2024-00184,2024-03-27,CUST-9951,Latin America,Toys,Puzzle Set,9,108.87,0,979.83,12.06,Apple Pay,cancelled,Enterprise,,Bob Martinez
ORD-2024-00185,2024-06-01,CUST-6744,North America,Toys,RC Car,6,776.22,0,4657.32,19.76,PayPal,completed,SMB,,David Kim
ORD-2024-00186,2024-03-25,CUST-5740,Middle East,Home & Garden,Ceramic Planter,4,725.65,15,2467.21,23.95,Wire Transfer,completed,Consumer,,
ORD-2024-00187,2024-12-13,CUST-6277,North America,Home & Garden,Memory Foam Pillow,1,892.31,0,892.31,31.56,PayPal,completed,SMB,,David Kim
ORD-2024-00188,2024-09-07,CUST-8996,Europe,Beauty,Perfume Set,7,410.72,0,2875.04,18.13,Apple Pay,pending,Consumer,,
ORD-2024-00189,2024-02-17,CUST-5646,Latin America,Books,Data Science Handbook,9,362.36,20,2608.99,37.12,Wire Transfer,shipped,Consumer,,
ORD-2024-00190,2024-09-05,CUST-1011,Asia Pacific,Electronics,Wireless Earbuds,2,565.93,25,848.89,0.73,Apple Pay,completed,Startup,,Bob Martinez
ORD-2024-00191,2024-11-28,CUST-6005,Asia Pacific,Home & Garden,LED Desk Lamp,2,591.24,10,1064.23,3.71,Apple Pay,completed,Enterprise,,David Kim
ORD-2024-00192,2024-12-01,CUST-6629,North America,Apparel,Winter Jacket,4,432.83,0,1731.32,26.72,Credit Card,shipped,Enterprise,,David Kim
ORD-2024-00193,2024-12-21,CUST-7270,Europe,Toys,Building Blocks,4,349.32,0,1397.28,4.64,PayPal,cancelled,Consumer,,Bob Martinez
ORD-2024-00194,2024-11-24,CUST-8248,Europe,Apparel,Athletic Shorts,10,15.55,0,155.5,19.8,Apple Pay,completed,SMB,,
ORD-2024-00195,2024-02-21,CUST-2380,Europe,Apparel,Athletic Shorts,12,350.17,20,3361.63,14.15,Wire Transfer,completed,SMB,,
ORD-2024-00196,2024-05-25,CUST-9108,North America,Beauty,Hair Dryer,9,548.77,5,4691.98,33.65,PayPal,pending,Enterprise,,
ORD-2024-00197,2024-02-06,CUST-1273,Middle East,Electronics,4K Monitor,6,125.6,20,602.88,16.44,Credit Card,completed,Startup,,
ORD-2024-00198,2024-04-20,CUST-9808,North America,Electronics,Mechanical Keyboard,9,263.26,20,1895.47,19.06,Invoice,returned,Enterprise,,Carol Singh
ORD-2024-00199,2024-02-10,CUST-5005,Middle East,Sports,Dumbbell Set,9,299.13,0,2692.17,13.96,Credit Card,returned,SMB,,David Kim
ORD-2024-00200,2024-11-09,CUST-9133,Middle East,Electronics,4K Monitor,11,668.85,0,7357.35,5.37,PayPal,completed,Enterprise,,Carol Singh
ORD-2024-00201,2024-03-26,CUST-2046,Asia Pacific,Home & Garden,LED Desk Lamp,12,797.8,0,9573.6,15.08,Invoice,returned,Consumer,,Alice Chen
ORD-2024-00202,2024-09-11,CUST-2889,Latin America,Books,Data Science Handbook,8,773.69,0,6189.52,16.55,Invoice,pending,Enterprise,,Alice Chen
ORD-2024-00203,2024-01-07,CUST-6272,Europe,Electronics,Mechanical Keyboard,6,349.23,0,2095.38,8.05,PayPal,completed,Startup,,Carol Singh
ORD-2024-00204,2024-05-18,CUST-8620,North America,Books,Data Science Handbook,9,607.93,0,5471.37,8.07,Credit Card,completed,Startup,,Carol Singh
ORD-2024-00205,2024-06-16,CUST-9083,North America,Toys,Building Blocks,6,186.8,10,1008.72,33.28,Wire Transfer,completed,Startup,,
ORD-2024-00206,2024-05-05,CUST-7164,Europe,Electronics,Mechanical Keyboard,1,215.6,15,183.26,28.62,Credit Card,completed,Consumer,,Alice Chen
ORD-2024-00207,2024-04-15,CUST-9515,Middle East,Sports,Hiking Backpack,8,864.42,0,6915.36,32.02,PayPal,completed,Enterprise,,David Kim
ORD-2024-00208,2024-02-13,CUST-4879,Middle East,Apparel,Athletic Shorts,3,575.76,20,1381.82,3.37,PayPal,completed,Startup,,David Kim
ORD-2024-00209,2024-12-24,CUST-3693,Asia Pacific,Books,Biography,5,216.15,5,1026.71,6.13,Credit Card,completed,SMB,,Alice Chen
ORD-2024-00210,2024-10-01,CUST-6370,Asia Pacific,Sports,Hiking Backpack,5,420.84,0,2104.2,4.07,PayPal,pending,Enterprise,,Carol Singh
ORD-2024-00211,2024-07-21,CUST-5093,Middle East,Electronics,4K Monitor,5,738.7,0,3693.5,1.4,Invoice,returned,Startup,,
ORD-2024-00212,2024-03-12,CUST-1357,North America,Electronics,Wireless Earbuds,4,124.47,20,398.3,16.75,Credit Card,completed,Consumer,,David Kim
ORD-2024-00213,2024-03-06,CUST-1483,North America,Books,Data Science Handbook,1,847.57,0,847.57,7.56,Apple Pay,returned,Startup,,Carol Singh
ORD-2024-00214,2024-04-19,CUST-7750,Europe,Beauty,Moisturizer,8,795.13,0,6361.04,27.63,Apple Pay,completed,Consumer,,Alice Chen
ORD-2024-00215,2024-05-23,CUST-8859,Latin America,Home & Garden,Memory Foam Pillow,4,580.6,5,2206.28,28.38,Wire Transfer,completed,Startup,,
ORD-2024-00216,2024-09-14,CUST-9674,Asia Pacific,Automotive,Phone Mount,3,31.22,5,88.98,1.32,Apple Pay,pending,Enterprise,,Bob Martinez
ORD-2024-00217,2024-03-22,CUST-3846,North America,Sports,Dumbbell Set,5,483.52,0,2417.6,34.38,Wire Transfer,completed,Startup,,Carol Singh
ORD-2024-00218,2024-10-29,CUST-9035,North America,Books,Children's Atlas,10,134.61,5,1278.8,37.65,PayPal,shipped,Consumer,yes,
ORD-2024-00219,2024-11-04,CUST-1975,Europe,Electronics,USB-C Hub,8,8.61,5,65.44,36.29,Wire Transfer,cancelled,SMB,yes,Bob Martinez
ORD-2024-00220,2024-02-26,CUST-3235,Middle East,Books,Data Science Handbook,6,635.74,20,3051.55,26.37,Wire Transfer,cancelled,Consumer,,David Kim
ORD-2024-00221,2024-11-23,CUST-5825,Latin America,Books,Fiction Bestseller,12,871.15,15,8885.73,10.05,Wire Transfer,completed,Startup,,
ORD-2024-00222,2024-07-19,CUST-6425,Middle East,Electronics,Smart Watch,10,291.53,5,2769.53,28.78,PayPal,completed,Startup,,Carol Singh
ORD-2024-00223,2024-03-26,CUST-1020,North America,Books,Biography,1,244.3,5,232.09,31.19,Credit Card,cancelled,Consumer,yes,David Kim
ORD-2024-00224,2024-03-26,CUST-2207,Latin America,Toys,Plush Toy,6,494.51,0,2967.06,37.3,Apple Pay,completed,SMB,,
ORD-2024-00225,2024-01-11,CUST-8909,Asia Pacific,Beauty,Vitamin C Serum,2,312.55,20,500.08,7.24,Wire Transfer,completed,Enterprise,,Bob Martinez
ORD-2024-00226,2024-11-06,CUST-4891,Latin America,Home & Garden,Air Purifier,2,303.01,5,575.72,18.42,Wire Transfer,pending,Consumer,,
ORD-2024-00227,2024-09-08,CUST-1421,Europe,Electronics,4K Monitor,1,389.0,10,350.1,37.08,Credit Card,shipped,SMB,,Alice Chen
ORD-2024-00228,2024-08-30,CUST-7249,North America,Beauty,Perfume Set,8,443.79,10,3195.29,4.1,Wire Transfer,returned,SMB,,Carol Singh
ORD-2024-00229,2024-08-13,CUST-9871,Latin America,Beauty,Hair Dryer,5,510.74,0,2553.7,33.85,Wire Transfer,completed,Enterprise,,Bob Martinez
ORD-2024-00230,2024-10-10,CUST-2293,North America,Automotive,Car Vacuum,7,868.37,25,4558.94,25.77,Wire Transfer,completed,Startup,,Alice Chen
ORD-2024-00231,2024-09-14,CUST-7936,Middle East,Home & Garden,Air Purifier,8,162.04,0,1296.32,43.75,Credit Card,completed,SMB,yes,Bob Martinez
ORD-2024-00232,2024-11-17,CUST-9514,Europe,Beauty,Moisturizer,12,822.53,0,9870.36,3.92,Wire Transfer,returned,Consumer,,
ORD-2024-00233,2024-10-27,CUST-6633,Middle East,Automotive,Dash Cam,7,141.33,0,989.31,41.62,Invoice,completed,Consumer,,David Kim
ORD-2024-00234,2024-10-19,CUST-6431,Middle East,Toys,Building Blocks,3,253.39,0,760.17,27.82,Apple Pay,returned,Enterprise,,
ORD-2024-00235,2024-08-31,CUST-3201,Asia Pacific,Books,Data Science Handbook,6,736.29,10,3975.97,13.99,PayPal,shipped,Enterprise,,Carol Singh
ORD-2024-00236,2024-05-17,CUST-3604,Latin America,Apparel,Running Shoes,8,196.35,20,1256.64,33.34,Invoice,cancelled,Enterprise,yes,David Kim
ORD-2024-00237,2024-03-10,CUST-1828,Middle East,Electronics,Smart Watch,4,787.79,5,2993.6,37.66,Apple Pay,completed,Enterprise,,Carol Singh
ORD-2024-00238,2024-07-07,CUST-6730,Latin America,Automotive,Dash Cam,11,35.23,15,329.4,22.0,Apple Pay,shipped,SMB,,Carol Singh
ORD-2024-00239,2024-12-18,CUST-7709,North America,Beauty,Vitamin C Serum,7,52.24,5,347.4,38.57,Wire Transfer,completed,SMB,,Alice Chen
ORD-2024-00240,2024-08-30,CUST-6713,Europe,Home & Garden,Tool Set,1,207.38,10,186.64,32.07,Apple Pay,pending,Startup,,Carol Singh
ORD-2024-00241,2024-12-12,CUST-8892,Middle East,Automotive,Car Vacuum,2,14.55,15,24.73,25.27,Credit Card,pending,Consumer,yes,Carol Singh
ORD-2024-00242,2024-05-21,CUST-1417,Asia Pacific,Beauty,Hair Dryer,3,468.91,5,1336.39,40.49,PayPal,returned,Consumer,,Carol Singh
ORD-2024-00243,2024-08-02,CUST-9311,Latin America,Automotive,Dash Cam,10,638.89,5,6069.45,15.44,Wire Transfer,completed,Startup,,
ORD-2024-00244,2024-04-02,CUST-6820,Asia Pacific,Apparel,Silk Scarf,3,668.16,0,2004.48,42.61,PayPal,cancelled,Enterprise,,David Kim
ORD-2024-00245,2024-06-18,CUST-9199,Asia Pacific,Beauty,Makeup Kit,5,421.21,0,2106.05,21.17,PayPal,completed,Startup,,
ORD-2024-00246,2024-06-01,CUST-3954,Latin America,Electronics,Smart Watch,3,892.18,15,2275.06,18.41,Wire Transfer,shipped,SMB,,Bob Martinez
ORD-2024-00247,2024-06-09,CUST-3120,North America,Electronics,Mechanical Keyboard,5,194.56,0,972.8,25.93,Credit Card,completed,Startup,,David Kim
ORD-2024-00248,2024-08-07,CUST-1067,Latin America,Automotive,Dash Cam,1,483.6,15,411.06,42.75,Credit Card,cancelled,SMB,,Carol Singh
ORD-2024-00249,2024-06-08,CUST-8469,Europe,Apparel,Silk Scarf,9,532.51,0,4792.59,2.94,Wire Transfer,completed,Consumer,,Carol Singh
ORD-2024-00250,2024-08-10,CUST-4675,Europe,Books,Biography,6,676.35,0,4058.1,42.66,PayPal,returned,Enterprise,,
ORD-2024-00251,2024-01-12,CUST-1785,Middle East,Home & Garden,Air Purifier,6,641.6,0,3849.6,16.88,Invoice,pending,Enterprise,,Alice Chen
ORD-2024-00252,2024-01-25,CUST-5933,North America,Automotive,Tire Pressure Gauge,7,118.12,10,744.16,21.35,Credit Card,completed,SMB,,
ORD-2024-00253,2024-09-23,CUST-4272,Asia Pacific,Home & Garden,Memory Foam Pillow,2,463.82,0,927.64,12.72,PayPal,completed,Startup,,Bob Martinez
ORD-2024-00254,2024-07-02,CUST-1044,Latin America,Beauty,Hair Dryer,1,496.39,5,471.57,30.97,PayPal,shipped,Consumer,yes,
ORD-2024-00255,2024-02-26,CUST-8483,Middle East,Toys,Board Game,2,702.56,0,1405.12,32.56,PayPal,completed,Consumer,,David Kim
ORD-2024-00256,2024-01-26,CUST-1158,North America,Home & Garden,Air Purifier,5,328.95,15,1398.04,19.17,Credit Card,completed,Enterprise,,Bob Martinez
ORD-2024-00257,2024-06-17,CUST-7566,Asia Pacific,Toys,Puzzle Set,5,790.72,0,3953.6,16.77,Credit Card,cancelled,SMB,,David Kim
ORD-2024-00258,2024-12-19,CUST-8908,Latin America,Automotive,Floor Mats,2,126.07,0,252.14,44.17,Apple Pay,completed,Enterprise,,Bob Martinez
ORD-2024-00259,2024-11-08,CUST-8220,Latin America,Books,Children's Atlas,1,776.56,0,776.56,21.74,Apple Pay,shipped,Enterprise,yes,Carol Singh
ORD-2024-00260,2024-01-07,CUST-7305,Middle East,Sports,Tennis Racket,9,474.08,0,4266.72,19.48,Wire Transfer,completed,Startup,,
ORD-2024-00261,2024-01-28,CUST-6421,North America,Home & Garden,Tool Set,8,767.02,0,6136.16,3.37,PayPal,shipped,Consumer,,
ORD-2024-00262,2024-04-24,CUST-8324,Middle East,Automotive,Tire Pressure Gauge,4,78.24,25,234.72,36.06,Apple Pay,shipped,Enterprise,,Alice Chen
ORD-2024-00263,2024-02-22,CUST-6584,Latin America,Automotive,Dash Cam,9,497.25,0,4475.25,35.63,Apple Pay,pending,SMB,,
ORD-2024-00264,2024-04-24,CUST-1035,Latin America,Books,Children's Atlas,10,542.56,15,4611.76,32.22,PayPal,completed,Enterprise,,Carol Singh
ORD-2024-00265,2024-10-07,CUST-4209,Middle East,Books,Data Science Handbook,1,807.12,25,605.34,6.32,Wire Transfer,returned,Enterprise,,David Kim
ORD-2024-00266,2024-04-20,CUST-9260,Latin America,Sports,Tennis Racket,2,682.62,0,1365.24,41.7,Apple Pay,completed,Startup,,
ORD-2024-00267,2024-01-25,CUST-7347,Middle East,Automotive,Car Vacuum,8,831.61,0,6652.88,31.13,Credit Card,completed,SMB,,Carol Singh
ORD-2024-00268,2024-09-15,CUST-3185,Latin America,Automotive,Car Vacuum,12,687.28,10,7422.62,17.9,Apple Pay,cancelled,Consumer,,
ORD-2024-00269,2024-06-02,CUST-3913,Middle East,Books,Children's Atlas,11,201.65,5,2107.24,28.09,PayPal,pending,Consumer,,Carol Singh
ORD-2024-00270,2024-12-29,CUST-9564,North America,Books,Children's Atlas,8,527.28,20,3374.59,30.34,Credit Card,pending,Startup,,Alice Chen
ORD-2024-00271,2024-12-09,CUST-9866,North America,Sports,Tennis Racket,3,884.33,10,2387.69,6.59,PayPal,completed,Consumer,yes,Alice Chen
ORD-2024-00272,2024-11-11,CUST-7825,Middle East,Sports,Cycling Helmet,7,219.7,10,1384.11,31.18,Apple Pay,completed,Startup,,Carol Singh
ORD-2024-00273,2024-10-09,CUST-5819,North America,Electronics,4K Monitor,4,560.92,25,1682.76,37.35,PayPal,cancelled,SMB,,Alice Chen
ORD-2024-00274,2024-04-05,CUST-8640,Europe,Apparel,Silk Scarf,1,389.8,10,350.82,5.85,Wire Transfer,pending,Enterprise,,Bob Martinez
ORD-2024-00275,2024-06-14,CUST-9529,Middle East,Electronics,USB-C Hub,11,276.33,15,2583.69,3.28,PayPal,cancelled,SMB,yes,David Kim
ORD-2024-00276,2024-10-05,CUST-4579,Middle East,Automotive,Dash Cam,6,205.09,5,1169.01,29.85,Wire Transfer,cancelled,Consumer,,David Kim
ORD-2024-00277,2024-10-14,CUST-7322,North America,Apparel,Denim Jeans,8,222.15,5,1688.34,43.15,Credit Card,cancelled,Startup,,Alice Chen
ORD-2024-00278,2024-09-21,CUST-9814,Asia Pacific,Toys,Plush Toy,1,272.12,5,258.51,14.41,PayPal,completed,Enterprise,,Bob Martinez
ORD-2024-00279,2024-12-09,CUST-8523,Europe,Automotive,Dash Cam,4,487.14,20,1558.85,29.1,Credit Card,completed,SMB,,
ORD-2024-00280,2024-02-07,CUST-7626,North America,Home & Garden,LED Desk Lamp,9,70.76,5,605.0,40.99,Apple Pay,returned,Startup,,
ORD-2024-00281,2024-12-10,CUST-2738,North America,Electronics,USB-C Hub,2,681.56,0,1363.12,31.54,Invoice,completed,Consumer,,
ORD-2024-00282,2024-02-14,CUST-9941,Asia Pacific,Toys,Plush Toy,7,740.51,0,5183.57,21.33,Apple Pay,completed,SMB,,Carol Singh
ORD-2024-00283,2024-12-12,CUST-4441,Asia Pacific,Electronics,USB-C Hub,9,133.96,0,1205.64,0.23,Wire Transfer,returned,Enterprise,,Carol Singh
ORD-2024-00284,2024-04-18,CUST-8557,Latin America,Home & Garden,Ceramic Planter,3,204.72,10,552.74,8.74,Invoice,completed,Enterprise,,
ORD-2024-00285,2024-12-09,CUST-2639,North America,Beauty,Vitamin C Serum,4,654.5,25,1963.5,42.82,PayPal,cancelled,SMB,,
ORD-2024-00286,2024-04-09,CUST-8017,Asia Pacific,Toys,Plush Toy,6,557.16,10,3008.66,31.21,Wire Transfer,completed,Consumer,,Bob Martinez
ORD-2024-00287,2024-12-30,CUST-6004,Latin America,Beauty,Moisturizer,3,613.51,15,1564.45,39.5,Wire Transfer,shipped,Startup,,
ORD-2024-00288,2024-11-26,CUST-9309,Middle East,Apparel,Denim Jeans,3,802.15,5,2286.13,11.85,Credit Card,completed,Enterprise,,
ORD-2024-00289,2024-07-26,CUST-4658,Middle East,Sports,Yoga Mat,9,240.21,25,1621.42,29.43,Apple Pay,completed,Consumer,,Carol Singh
ORD-2024-00290,2024-03-09,CUST-3608,Latin America,Apparel,Silk Scarf,6,455.43,5,2595.95,38.16,Apple Pay,completed,SMB,,Bob Martinez
ORD-2024-00291,2024-09-04,CUST-6918,Asia Pacific,Electronics,Smart Watch,8,214.49,10,1544.33,16.62,Invoice,completed,SMB,,Alice Chen
ORD-2024-00292,2024-01-21,CUST-6985,Asia Pacific,Apparel,Athletic Shorts,11,747.22,10,7397.48,26.04,Apple Pay,completed,Startup,,Alice Chen
ORD-2024-00293,2024-09-21,CUST-3276,Asia Pacific,Automotive,Floor Mats,9,369.61,15,2827.52,21.91,Invoice,shipped,Enterprise,,
ORD-2024-00294,2024-11-25,CUST-8889,Asia Pacific,Sports,Dumbbell Set,3,148.21,0,444.63,29.75,Credit Card,returned,Consumer,,
ORD-2024-00295,2024-03-23,CUST-3725,Latin America,Electronics,Smart Watch,1,121.95,0,121.95,6.06,Credit Card,completed,SMB,,David Kim
ORD-2024-00296,2024-11-02,CUST-3338,Middle East,Electronics,4K Monitor,2,200.98,25,301.47,39.03,Apple Pay,completed,SMB,,Bob Martinez
ORD-2024-00297,2024-11-15,CUST-7315,Middle East,Beauty,Hair Dryer,12,618.86,25,5569.74,26.84,Apple Pay,completed,SMB,,
ORD-2024-00298,2024-09-24,CUST-8901,Middle East,Automotive,Floor Mats,10,93.8,25,703.5,40.57,Credit Card,completed,Enterprise,,
ORD-2024-00299,2024-01-01,CUST-2600,Latin America,Automotive,Phone Mount,1,629.6,20,503.68,10.33,Wire Transfer,shipped,Startup,,Bob Martinez
ORD-2024-00300,2024-02-12,CUST-4365,Asia Pacific,Automotive,Phone Mount,4,12.87,0,51.48,26.01,Apple Pay,completed,Enterprise,,Carol Singh
ORD-2024-00301,2024-02-24,CUST-7770,Europe,Automotive,Car Vacuum,5,240.82,20,963.28,25.41,PayPal,pending,Startup,,Bob Martinez
ORD-2024-00302,2024-07-08,CUST-3650,Middle East,Toys,RC Car,5,522.69,20,2090.76,33.11,Apple Pay,completed,SMB,,Carol Singh
ORD-2024-00303,2024-10-08,CUST-8133,Middle East,Electronics,Smart Watch,7,867.43,0,6072.01,36.2,Invoice,completed,Startup,,Carol Singh
ORD-2024-00304,2024-02-10,CUST-8192,Middle East,Electronics,Mechanical Keyboard,7,555.04,10,3496.75,32.02,Apple Pay,completed,SMB,yes,
ORD-2024-00305,2024-05-26,CUST-1004,Europe,Electronics,USB-C Hub,9,467.59,5,3997.89,27.68,PayPal,completed,Consumer,,
ORD-2024-00306,2024-05-21,CUST-5661,Latin America,Books,Biography,7,530.2,0,3711.4,33.16,Invoice,completed,Enterprise,,
ORD-2024-00307,2024-06-27,CUST-7670,Asia Pacific,Beauty,Hair Dryer,10,866.08,25,6495.6,41.84,PayPal,completed,Consumer,,
ORD-2024-00308,2024-05-30,CUST-6565,Asia Pacific,Apparel,Athletic Shorts,5,788.62,10,3548.79,31.24,PayPal,returned,Startup,,David Kim
ORD-2024-00309,2024-10-27,CUST-6785,North America,Toys,Building Blocks,5,68.19,5,323.9,30.46,Apple Pay,completed,Consumer,,
ORD-2024-00310,2024-05-14,CUST-6792,Europe,Beauty,Vitamin C Serum,7,608.26,15,3619.15,3.42,Wire Transfer,completed,Startup,,Bob Martinez
ORD-2024-00311,2024-12-15,CUST-6833,Europe,Toys,Board Game,4,663.27,10,2387.77,9.31,Invoice,completed,SMB,,
ORD-2024-00312,2024-02-10,CUST-3996,Latin America,Electronics,USB-C Hub,1,763.58,15,649.04,27.93,Apple Pay,shipped,Consumer,,Carol Singh
ORD-2024-00313,2024-07-22,CUST-3863,Europe,Home & Garden,Air Purifier,9,720.15,25,4861.01,42.28,Apple Pay,completed,Consumer,,
ORD-2024-00314,2024-09-22,CUST-5254,Latin America,Books,Data Science Handbook,1,608.63,20,486.9,26.15,Invoice,cancelled,Consumer,,Carol Singh
ORD-2024-00315,2024-08-29,CUST-5581,Middle East,Books,Cookbook,3,452.4,5,1289.34,18.86,Apple Pay,cancelled,Consumer,,
ORD-2024-00316,2024-12-17,CUST-3893,Europe,Apparel,Denim Jeans,4,502.81,20,1608.99,8.82,Credit Card,completed,Startup,,
ORD-2024-00317,2024-11-18,CUST-5166,Middle East,Books,Biography,5,231.62,0,1158.1,17.93,PayPal,completed,Enterprise,,David Kim
ORD-2024-00318,2024-06-20,CUST-4259,Asia Pacific,Books,Cookbook,9,504.72,10,4088.23,15.49,Wire Transfer,returned,Enterprise,,
ORD-2024-00319,2024-03-30,CUST-3373,Asia Pacific,Books,Cookbook,11,462.81,25,3818.18,40.03,Apple Pay,returned,Consumer,,Carol Singh
ORD-2024-00320,2024-08-03,CUST-7479,Middle East,Automotive,Dash Cam,2,152.34,5,289.45,14.11,Invoice,pending,Consumer,,Carol Singh
ORD-2024-00321,2024-10-27,CUST-4450,Middle East,Toys,Plush Toy,3,171.84,0,515.52,5.63,Credit Card,completed,Consumer,,
ORD-2024-00322,2024-02-02,CUST-6068,Latin America,Electronics,Wireless Earbuds,7,474.87,0,3324.09,4.68,Apple Pay,completed,Enterprise,,David Kim
ORD-2024-00323,2024-11-16,CUST-9856,Europe,Home & Garden,Tool Set,3,33.46,15,85.32,38.72,Apple Pay,cancelled,Startup,,Bob Martinez
ORD-2024-00324,2024-12-23,CUST-9841,Middle East,Home & Garden,Tool Set,10,414.78,20,3318.24,23.56,Apple Pay,pending,Consumer,,
ORD-2024-00325,2024-06-06,CUST-8687,Asia Pacific,Automotive,Phone Mount,3,278.48,0,835.44,23.55,Wire Transfer,completed,Consumer,,David Kim
ORD-2024-00326,2024-09-01,CUST-8161,Asia Pacific,Electronics,Mechanical Keyboard,5,539.93,0,2699.65,24.67,Invoice,completed,Startup,,David Kim
ORD-2024-00327,2024-07-12,CUST-2121,Europe,Beauty,Vitamin C Serum,7,565.16,10,3560.51,12.81,PayPal,pending,Startup,,David Kim
ORD-2024-00328,2024-11-12,CUST-5622,Latin America,Beauty,Makeup Kit,8,175.32,0,1402.56,6.85,Credit Card,completed,SMB,,Alice Chen
ORD-2024-00329,2024-04-29,CUST-1519,North America,Home & Garden,Air Purifier,8,201.51,20,1289.66,14.02,Apple Pay,shipped,Consumer,,Bob Martinez
ORD-2024-00330,2024-01-29,CUST-2998,Asia Pacific,Automotive,Dash Cam,9,426.9,5,3649.99,40.31,Credit Card,pending,Startup,,David Kim
ORD-2024-00331,2024-08-14,CUST-6113,Europe,Electronics,Smart Watch,8,663.17,0,5305.36,23.45,Apple Pay,completed,Startup,,Alice Chen
ORD-2024-00332,2024-10-08,CUST-4866,Middle East,Apparel,Denim Jeans,8,576.92,5,4384.59,16.22,Credit Card,completed,SMB,,Bob Martinez
ORD-2024-00333,2024-05-21,CUST-2466,Middle East,Apparel,Silk Scarf,4,15.96,0,63.84,26.15,Wire Transfer,shipped,SMB,,
ORD-2024-00334,2024-06-22,CUST-6690,North America,Electronics,4K Monitor,11,145.14,0,1596.54,5.66,Invoice,completed,Consumer,,Bob Martinez
ORD-2024-00335,2024-01-11,CUST-4057,Latin America,Books,Fiction Bestseller,5,808.71,25,3032.66,31.8,PayPal,pending,Startup,,David Kim
ORD-2024-00336,2024-05-20,CUST-9289,Middle East,Home & Garden,Air Purifier,9,146.13,10,1183.65,36.87,Credit Card,cancelled,Startup,,Alice Chen
ORD-2024-00337,2024-11-13,CUST-5638,Asia Pacific,Sports,Tennis Racket,12,64.44,20,618.62,8.54,Invoice,shipped,SMB,,Alice Chen
ORD-2024-00338,2024-02-19,CUST-1521,Middle East,Apparel,Winter Jacket,3,167.17,0,501.51,9.09,Credit Card,shipped,SMB,,David Kim
ORD-2024-00339,2024-09-26,CUST-8668,Middle East,Beauty,Vitamin C Serum,6,204.66,0,1227.96,0.59,Credit Card,completed,Startup,,
ORD-2024-00340,2024-10-12,CUST-9511,Latin America,Books,Data Science Handbook,10,244.84,0,2448.4,33.04,PayPal,pending,Enterprise,,
ORD-2024-00341,2024-07-16,CUST-6864,Europe,Sports,Cycling Helmet,11,229.65,0,2526.15,25.13,Invoice,returned,Enterprise,,David Kim
ORD-2024-00342,2024-02-23,CUST-6319,Europe,Home & Garden,Tool Set,7,457.68,0,3203.76,24.03,Wire Transfer,shipped,Consumer,,David Kim
ORD-2024-00343,2024-06-14,CUST-1003,Middle East,Sports,Cycling Helmet,9,198.61,10,1608.74,16.2,Apple Pay,shipped,Startup,,
ORD-2024-00344,2024-01-09,CUST-9376,Middle East,Home & Garden,LED Desk Lamp,1,275.6,5,261.82,9.67,Wire Transfer,cancelled,Enterprise,,Bob Martinez
ORD-2024-00345,2024-02-18,CUST-5920,North America,Toys,RC Car,3,131.32,15,334.87,40.03,Wire Transfer,completed,SMB,,Bob Martinez
ORD-2024-00346,2024-02-09,CUST-7251,Asia Pacific,Toys,Board Game,8,743.7,0,5949.6,26.79,Invoice,pending,Enterprise,yes,
ORD-2024-00347,2024-06-20,CUST-5993,Asia Pacific,Automotive,Tire Pressure Gauge,2,782.98,5,1487.66,33.65,Credit Card,completed,Startup,,
ORD-2024-00348,2024-03-17,CUST-5747,Asia Pacific,Sports,Dumbbell Set,1,608.21,20,486.57,43.7,Apple Pay,completed,SMB,,
ORD-2024-00349,2024-06-21,CUST-3209,North America,Toys,Puzzle Set,12,51.94,20,498.62,11.82,PayPal,returned,Startup,,David Kim
ORD-2024-00350,2024-11-29,CUST-2467,Middle East,Sports,Cycling Helmet,10,896.4,5,8515.8,10.9,Wire Transfer,pending,Startup,,Carol Singh
ORD-2024-00351,2024-06-27,CUST-3389,Europe,Books,Cookbook,10,591.97,10,5327.73,7.62,Invoice,cancelled,Startup,,Bob Martinez
ORD-2024-00352,2024-04-12,CUST-6624,Asia Pacific,Home & Garden,Air Purifier,2,666.97,5,1267.24,42.7,Credit Card,completed,Consumer,,
ORD-2024-00353,2024-08-18,CUST-3315,Latin America,Electronics,4K Monitor,4,667.35,5,2535.93,9.17,Invoice,pending,Startup,,David Kim
ORD-2024-00354,2024-10-25,CUST-1136,Middle East,Electronics,4K Monitor,3,61.56,5,175.45,35.51,Apple Pay,pending,Enterprise,yes,Carol Singh
ORD-2024-00355,2024-02-25,CUST-4258,North America,Beauty,Perfume Set,4,881.0,0,3524.0,40.67,PayPal,shipped,Enterprise,,Alice Chen
ORD-2024-00356,2024-01-21,CUST-4869,Europe,Beauty,Moisturizer,8,358.52,0,2868.16,0.83,Wire Transfer,cancelled,Consumer,,Carol Singh
ORD-2024-00357,2024-02-01,CUST-7262,Asia Pacific,Automotive,Dash Cam,9,853.66,5,7298.79,6.83,Credit Card,returned,SMB,,Bob Martinez
ORD-2024-00358,2024-08-01,CUST-9869,Europe,Home & Garden,Memory Foam Pillow,5,818.57,15,3478.92,20.21,PayPal,completed,SMB,,Bob Martinez
ORD-2024-00359,2024-06-07,CUST-3384,Middle East,Home & Garden,Memory Foam Pillow,3,592.7,0,1778.1,14.29,Wire Transfer,completed,SMB,,David Kim
ORD-2024-00360,2024-07-29,CUST-4783,Asia Pacific,Toys,RC Car,3,702.19,0,2106.57,5.92,Invoice,completed,Consumer,,Alice Chen
ORD-2024-00361,2024-07-02,CUST-9051,North America,Toys,Board Game,9,761.91,25,5142.89,32.04,Apple Pay,cancelled,SMB,,Bob Martinez
ORD-2024-00362,2024-01-17,CUST-9027,Latin America,Electronics,4K Monitor,7,206.3,5,1371.89,34.1,Apple Pay,completed,SMB,,Bob Martinez
ORD-2024-00363,2024-08-06,CUST-8485,Latin America,Electronics,USB-C Hub,12,742.48,15,7573.3,17.74,Apple Pay,completed,Enterprise,,
ORD-2024-00364,2024-05-05,CUST-5684,Middle East,Automotive,Dash Cam,9,353.17,0,3178.53,8.54,Wire Transfer,shipped,Startup,,
ORD-2024-00365,2024-01-28,CUST-6299,Middle East,Home & Garden,Memory Foam Pillow,11,410.46,0,4515.06,8.09,Apple Pay,completed,Startup,,
ORD-2024-00366,2024-12-30,CUST-8362,Europe,Toys,Building Blocks,5,296.75,0,1483.75,32.33,Credit Card,completed,Enterprise,,
ORD-2024-00367,2024-12-28,CUST-3930,Latin America,Home & Garden,Memory Foam Pillow,9,347.12,0,3124.08,41.05,PayPal,completed,SMB,,
ORD-2024-00368,2024-06-06,CUST-8514,Asia Pacific,Toys,RC Car,11,169.0,0,1859.0,43.22,Credit Card,completed,Consumer,,Alice Chen
ORD-2024-00369,2024-11-07,CUST-9967,Latin America,Sports,Dumbbell Set,10,595.59,25,4466.93,18.46,PayPal,completed,Enterprise,,Bob Martinez
ORD-2024-00370,2024-01-26,CUST-1803,Europe,Home & Garden,Air Purifier,11,318.98,0,3508.78,38.42,Credit Card,pending,Consumer,,Bob Martinez
ORD-2024-00371,2024-12-10,CUST-7208,Asia Pacific,Home & Garden,Memory Foam Pillow,12,523.86,0,6286.32,4.19,Wire Transfer,pending,Consumer,,
ORD-2024-00372,2024-02-03,CUST-1953,Asia Pacific,Toys,Board Game,2,626.91,10,1128.44,14.81,PayPal,returned,SMB,,
ORD-2024-00373,2024-02-14,CUST-9132,Latin America,Beauty,Perfume Set,10,763.39,10,6870.51,23.64,Invoice,cancelled,SMB,,David Kim
ORD-2024-00374,2024-04-02,CUST-7793,Middle East,Sports,Tennis Racket,4,9.41,0,37.64,20.92,Invoice,completed,SMB,,
ORD-2024-00375,2024-11-22,CUST-6460,Europe,Electronics,Smart Watch,12,258.93,0,3107.16,13.85,Credit Card,cancelled,Enterprise,,
ORD-2024-00376,2024-01-15,CUST-3545,Europe,Sports,Tennis Racket,6,829.75,25,3733.88,41.23,Apple Pay,completed,SMB,,
ORD-2024-00377,2024-06-20,CUST-6434,Latin America,Automotive,Dash Cam,9,274.72,15,2101.61,24.98,Invoice,completed,SMB,,Carol Singh
ORD-2024-00378,2024-02-03,CUST-2914,Europe,Beauty,Vitamin C Serum,6,884.4,0,5306.4,25.69,Invoice,returned,SMB,,Carol Singh
ORD-2024-00379,2024-12-29,CUST-5953,North America,Beauty,Perfume Set,2,450.88,5,856.67,16.72,Invoice,pending,SMB,,Alice Chen
ORD-2024-00380,2024-04-13,CUST-3347,North America,Toys,Puzzle Set,1,719.93,0,719.93,8.56,Wire Transfer,shipped,Consumer,,
ORD-2024-00381,2024-09-21,CUST-8649,Europe,Sports,Yoga Mat,8,353.34,0,2826.72,0.18,Wire Transfer,completed,Enterprise,,
ORD-2024-00382,2024-12-03,CUST-9720,Asia Pacific,Electronics,USB-C Hub,5,577.22,5,2741.8,14.44,Wire Transfer,completed,Consumer,,Alice Chen
ORD-2024-00383,2024-05-19,CUST-3319,Europe,Home & Garden,LED Desk Lamp,2,21.59,0,43.18,9.3,Wire Transfer,cancelled,Consumer,,
ORD-2024-00384,2024-05-05,CUST-2735,Europe,Apparel,Denim Jeans,10,802.99,25,6022.42,2.28,Credit Card,completed,Startup,,
ORD-2024-00385,2024-07-19,CUST-3159,Europe,Toys,Puzzle Set,6,286.38,5,1632.37,32.08,Invoice,completed,Startup,,David Kim
ORD-2024-00386,2024-02-19,CUST-4004,Latin America,Beauty,Perfume Set,8,214.44,5,1629.74,6.47,Apple Pay,pending,Consumer,,Carol Singh
ORD-2024-00387,2024-08-20,CUST-3087,Latin America,Electronics,Wireless Earbuds,8,108.58,25,651.48,20.76,Wire Transfer,completed,Consumer,,Alice Chen
ORD-2024-00388,2024-06-15,CUST-7288,Middle East,Apparel,Denim Jeans,9,418.73,20,3014.86,10.74,Apple Pay,completed,SMB,yes,
ORD-2024-00389,2024-08-08,CUST-8584,Latin America,Books,Children's Atlas,12,218.41,0,2620.92,33.27,Invoice,shipped,Enterprise,,
ORD-2024-00390,2024-08-15,CUST-3276,Europe,Beauty,Perfume Set,2,541.05,20,865.68,14.73,PayPal,completed,Enterprise,,Alice Chen
ORD-2024-00391,2024-03-16,CUST-5989,Europe,Toys,Puzzle Set,5,355.47,25,1333.01,8.8,Invoice,cancelled,Consumer,,Carol Singh
ORD-2024-00392,2024-02-15,CUST-1870,Middle East,Electronics,USB-C Hub,9,368.14,0,3313.26,38.36,Invoice,completed,Consumer,yes,Carol Singh
ORD-2024-00393,2024-02-26,CUST-8130,Asia Pacific,Electronics,Smart Watch,7,633.68,20,3548.61,28.13,Apple Pay,returned,Startup,,David Kim
ORD-2024-00394,2024-03-12,CUST-8974,Europe,Automotive,Phone Mount,7,145.45,0,1018.15,6.04,PayPal,completed,Enterprise,,Bob Martinez
ORD-2024-00395,2024-02-13,CUST-8373,Europe,Automotive,Tire Pressure Gauge,12,546.55,20,5246.88,28.05,Invoice,shipped,Startup,,David Kim
ORD-2024-00396,2024-11-05,CUST-8917,North America,Toys,Board Game,12,455.04,20,4368.38,41.7,Credit Card,cancelled,Enterprise,,
ORD-2024-00397,2024-09-03,CUST-2279,North America,Home & Garden,Tool Set,5,422.26,0,2111.3,23.55,Apple Pay,completed,SMB,,
ORD-2024-00398,2024-06-08,CUST-6782,Middle East,Electronics,4K Monitor,9,701.67,25,4736.27,20.43,Apple Pay,shipped,Consumer,,Carol Singh
ORD-2024-00399,2024-03-26,CUST-1447,North America,Beauty,Makeup Kit,5,62.72,25,235.2,26.02,Invoice,completed,Consumer,,
ORD-2024-00400,2024-09-15,CUST-3860,North America,Beauty,Moisturizer,3,556.68,10,1503.04,38.6,Invoice,completed,Enterprise,,David Kim
ORD-2024-00401,2024-07-08,CUST-3525,Europe,Beauty,Hair Dryer,8,169.1,0,1352.8,15.43,Invoice,completed,SMB,,David Kim
ORD-2024-00402,2024-07-15,CUST-3745,Europe,Toys,Board Game,4,522.78,15,1777.45,2.44,Credit Card,pending,Enterprise,,David Kim
ORD-2024-00403,2024-09-29,CUST-9687,Europe,Automotive,Tire Pressure Gauge,8,242.0,20,1548.8,0.53,Wire Transfer,shipped,Startup,,
ORD-2024-00404,2024-09-29,CUST-7408,Asia Pacific,Automotive,Car Vacuum,11,772.79,15,7225.59,12.16,Invoice,completed,Consumer,,Bob Martinez
ORD-2024-00405,2024-12-10,CUST-1195,Middle East,Sports,Cycling Helmet,6,611.85,0,3671.1,14.1,Credit Card,completed,Enterprise,,David Kim
ORD-2024-00406,2024-06-28,CUST-2415,Europe,Beauty,Moisturizer,4,38.33,0,153.32,2.56,Credit Card,completed,Enterprise,,
ORD-2024-00407,2024-12-02,CUST-7995,Middle East,Home & Garden,Air Purifier,12,172.18,10,1859.54,21.01,Wire Transfer,completed,Startup,,Carol Singh
ORD-2024-00408,2024-05-11,CUST-8218,Europe,Apparel,Denim Jeans,1,349.07,15,296.71,44.82,PayPal,pending,Consumer,yes,Bob Martinez
ORD-2024-00409,2024-11-08,CUST-2692,Latin America,Home & Garden,Memory Foam Pillow,2,136.19,20,217.9,9.83,Wire Transfer,completed,Startup,yes,
ORD-2024-00410,2024-05-08,CUST-6403,Latin America,Electronics,Mechanical Keyboard,3,589.7,0,1769.1,41.98,PayPal,returned,Consumer,,
ORD-2024-00411,2024-12-28,CUST-2985,Latin America,Toys,Plush Toy,7,760.05,0,5320.35,24.31,Apple Pay,completed,Startup,,Carol Singh
ORD-2024-00412,2024-06-19,CUST-5750,Asia Pacific,Automotive,Dash Cam,11,896.34,0,9859.74,16.44,Apple Pay,cancelled,Enterprise,,Alice Chen
ORD-2024-00413,2024-07-15,CUST-1584,Europe,Beauty,Perfume Set,2,569.88,15,968.8,21.89,PayPal,shipped,SMB,,
ORD-2024-00414,2024-05-02,CUST-6558,Latin America,Automotive,Dash Cam,9,581.28,25,3923.64,24.03,Credit Card,shipped,Enterprise,yes,Alice Chen
ORD-2024-00415,2024-07-26,CUST-3319,North America,Sports,Cycling Helmet,8,845.62,0,6764.96,33.35,Credit Card,completed,Enterprise,,
ORD-2024-00416,2024-11-12,CUST-3796,North America,Sports,Dumbbell Set,1,161.47,0,161.47,40.71,Invoice,completed,Startup,,
ORD-2024-00417,2024-02-24,CUST-9943,North America,Toys,Puzzle Set,10,204.53,5,1943.03,19.18,Credit Card,returned,Consumer,,Bob Martinez
ORD-2024-00418,2024-01-24,CUST-3703,Middle East,Home & Garden,LED Desk Lamp,2,115.58,0,231.16,34.09,Invoice,completed,Consumer,,Alice Chen
ORD-2024-00419,2024-03-09,CUST-5648,North America,Automotive,Floor Mats,1,791.75,0,791.75,0.29,Invoice,completed,Enterprise,,David Kim
ORD-2024-00420,2024-12-20,CUST-3949,Europe,Sports,Dumbbell Set,11,249.42,25,2057.72,18.54,Invoice,completed,Enterprise,,Alice Chen
ORD-2024-00421,2024-11-17,CUST-9315,Asia Pacific,Books,Biography,1,504.92,5,479.67,5.29,Invoice,completed,Consumer,,Bob Martinez
ORD-2024-00422,2024-05-21,CUST-6966,North America,Sports,Yoga Mat,3,618.55,25,1391.74,22.39,Credit Card,completed,Enterprise,,Carol Singh
ORD-2024-00423,2024-11-11,CUST-2901,Latin America,Electronics,Wireless Earbuds,12,54.74,0,656.88,7.11,Invoice,completed,Startup,yes,David Kim
ORD-2024-00424,2024-10-30,CUST-2606,Middle East,Books,Biography,4,673.65,15,2290.41,10.35,PayPal,completed,Consumer,,Bob Martinez
ORD-2024-00425,2024-07-11,CUST-7119,Europe,Apparel,Silk Scarf,10,439.61,20,3516.88,6.52,Apple Pay,shipped,SMB,,Carol Singh
ORD-2024-00426,2024-05-18,CUST-7852,Europe,Books,Fiction Bestseller,1,624.76,0,624.76,12.63,Apple Pay,completed,Startup,,Carol Singh
ORD-2024-00427,2024-11-05,CUST-8757,Europe,Home & Garden,Tool Set,9,769.81,0,6928.29,18.53,Invoice,shipped,SMB,,David Kim
ORD-2024-00428,2024-05-06,CUST-1656,Europe,Books,Biography,10,206.16,0,2061.6,41.12,Credit Card,completed,Startup,,
ORD-2024-00429,2024-01-18,CUST-4571,Latin America,Automotive,Tire Pressure Gauge,12,739.77,25,6657.93,22.29,Apple Pay,completed,Enterprise,,Alice Chen
ORD-2024-00430,2024-01-09,CUST-4030,Latin America,Beauty,Hair Dryer,12,417.22,0,5006.64,43.94,Apple Pay,shipped,SMB,,David Kim
ORD-2024-00431,2024-12-26,CUST-6500,North America,Apparel,Silk Scarf,12,304.62,0,3655.44,13.35,Credit Card,pending,SMB,,
ORD-2024-00432,2024-12-11,CUST-4354,Asia Pacific,Electronics,Wireless Earbuds,7,333.74,0,2336.18,16.45,Invoice,completed,Enterprise,,
ORD-2024-00433,2024-02-28,CUST-2038,Latin America,Sports,Dumbbell Set,6,322.27,10,1740.26,22.66,Credit Card,returned,Consumer,,
ORD-2024-00434,2024-09-26,CUST-8501,North America,Toys,Puzzle Set,11,743.41,10,7359.76,20.34,PayPal,cancelled,Enterprise,,Bob Martinez
ORD-2024-00435,2024-05-27,CUST-7824,North America,Apparel,Running Shoes,5,107.81,0,539.05,22.33,Wire Transfer,completed,Enterprise,,Bob Martinez
ORD-2024-00436,2024-08-30,CUST-6503,Asia Pacific,Automotive,Tire Pressure Gauge,12,582.41,10,6290.03,8.51,Invoice,completed,SMB,,Carol Singh
ORD-2024-00437,2024-09-05,CUST-7093,Middle East,Toys,Plush Toy,5,513.42,10,2310.39,7.73,Apple Pay,pending,SMB,,Alice Chen
ORD-2024-00438,2024-03-16,CUST-3514,Asia Pacific,Beauty,Perfume Set,3,559.2,0,1677.6,32.03,PayPal,pending,SMB,,
ORD-2024-00439,2024-06-11,CUST-3423,Middle East,Home & Garden,Memory Foam Pillow,5,337.38,5,1602.56,25.31,Wire Transfer,completed,Consumer,,Bob Martinez
ORD-2024-00440,2024-09-30,CUST-9948,Asia Pacific,Apparel,Winter Jacket,7,837.58,0,5863.06,42.65,Credit Card,cancelled,SMB,,Carol Singh
ORD-2024-00441,2024-08-30,CUST-3284,Asia Pacific,Home & Garden,Tool Set,12,816.03,25,7344.27,15.24,Credit Card,completed,Startup,,
ORD-2024-00442,2024-01-13,CUST-4206,Latin America,Sports,Hiking Backpack,6,90.4,0,542.4,27.37,Wire Transfer,completed,SMB,yes,David Kim
ORD-2024-00443,2024-12-12,CUST-8006,North America,Automotive,Floor Mats,8,291.12,0,2328.96,40.88,PayPal,cancelled,Startup,,Carol Singh
ORD-2024-00444,2024-06-25,CUST-3683,Asia Pacific,Beauty,Perfume Set,9,86.05,25,580.84,33.37,Wire Transfer,returned,Startup,,David Kim
ORD-2024-00445,2024-07-31,CUST-7708,Europe,Apparel,Running Shoes,4,278.18,15,945.81,2.98,Credit Card,returned,Enterprise,,Bob Martinez
ORD-2024-00446,2024-10-11,CUST-5979,Latin America,Home & Garden,Ceramic Planter,3,749.56,10,2023.81,24.92,Invoice,completed,Consumer,,Bob Martinez
ORD-2024-00447,2024-01-14,CUST-9059,North America,Home & Garden,LED Desk Lamp,5,859.82,25,3224.33,5.59,PayPal,pending,Startup,,Alice Chen
ORD-2024-00448,2024-03-02,CUST-7114,Asia Pacific,Toys,Building Blocks,10,672.3,25,5042.25,25.45,Credit Card,pending,Startup,,Carol Singh
ORD-2024-00449,2024-03-24,CUST-7873,Middle East,Electronics,Smart Watch,6,418.79,0,2512.74,16.08,Wire Transfer,completed,Consumer,,Alice Chen
ORD-2024-00450,2024-05-28,CUST-5932,Asia Pacific,Apparel,Athletic Shorts,4,690.9,0,2763.6,34.41,Wire Transfer,completed,Consumer,,Carol Singh
ORD-2024-00451,2024-02-19,CUST-3671,Middle East,Books,Fiction Bestseller,1,130.02,10,117.02,16.79,Wire Transfer,shipped,Startup,,Bob Martinez
ORD-2024-00452,2024-04-06,CUST-6104,Middle East,Apparel,Silk Scarf,8,824.18,0,6593.44,36.85,Wire Transfer,completed,Startup,,
ORD-2024-00453,2024-08-14,CUST-3053,Middle East,Books,Fiction Bestseller,12,279.47,0,3353.64,10.01,Wire Transfer,completed,SMB,,David Kim
ORD-2024-00454,2024-12-19,CUST-2948,North America,Apparel,Winter Jacket,8,682.78,0,5462.24,8.84,Apple Pay,completed,Enterprise,,
ORD-2024-00455,2024-06-03,CUST-3384,North America,Apparel,Winter Jacket,10,191.01,5,1814.59,8.32,Credit Card,cancelled,Enterprise,,
ORD-2024-00456,2024-06-27,CUST-5617,Asia Pacific,Home & Garden,Tool Set,12,554.14,0,6649.68,4.46,PayPal,completed,SMB,,Alice Chen
ORD-2024-00457,2024-02-20,CUST-7219,Europe,Toys,RC Car,12,533.14,25,4798.26,30.31,Wire Transfer,completed,SMB,,David Kim
ORD-2024-00458,2024-02-27,CUST-6375,Asia Pacific,Apparel,Silk Scarf,2,471.08,25,706.62,34.3,Credit Card,pending,Enterprise,,David Kim
ORD-2024-00459,2024-11-03,CUST-3937,Asia Pacific,Toys,Board Game,9,370.89,20,2670.41,8.5,Wire Transfer,completed,Startup,yes,Alice Chen
ORD-2024-00460,2024-07-21,CUST-4261,Latin America,Apparel,Winter Jacket,3,359.78,0,1079.34,33.36,Wire Transfer,completed,Enterprise,,David Kim
ORD-2024-00461,2024-03-03,CUST-7626,Europe,Automotive,Tire Pressure Gauge,5,689.45,10,3102.53,34.03,Apple Pay,returned,Consumer,,Bob Martinez
ORD-2024-00462,2024-08-20,CUST-1438,North America,Apparel,Denim Jeans,8,451.07,0,3608.56,1.34,Apple Pay,completed,Enterprise,,Carol Singh
ORD-2024-00463,2024-03-19,CUST-9032,Asia Pacific,Apparel,Winter Jacket,11,677.68,25,5590.86,35.67,Apple Pay,completed,Consumer,,
ORD-2024-00464,2024-10-06,CUST-1538,North America,Electronics,Mechanical Keyboard,2,349.81,15,594.68,38.38,Credit Card,shipped,Startup,,Carol Singh
ORD-2024-00465,2024-12-27,CUST-9837,Europe,Toys,Plush Toy,3,286.4,20,687.36,21.94,Invoice,completed,Startup,,Bob Martinez
ORD-2024-00466,2024-09-16,CUST-2006,North America,Automotive,Phone Mount,8,534.62,20,3421.57,27.76,Wire Transfer,cancelled,Consumer,yes,
ORD-2024-00467,2024-07-06,CUST-5001,Asia Pacific,Electronics,4K Monitor,7,94.74,15,563.7,44.64,Credit Card,returned,Consumer,,
ORD-2024-00468,2024-02-13,CUST-1334,North America,Beauty,Vitamin C Serum,6,159.27,15,812.28,1.68,Wire Transfer,returned,Startup,,Carol Singh
ORD-2024-00469,2024-07-12,CUST-9237,Middle East,Automotive,Phone Mount,10,95.07,25,713.02,4.5,Apple Pay,completed,Consumer,,Bob Martinez
ORD-2024-00470,2024-11-10,CUST-1778,Asia Pacific,Books,Biography,4,450.78,0,1803.12,37.82,Wire Transfer,completed,Consumer,,Bob Martinez
ORD-2024-00471,2024-11-15,CUST-9268,North America,Apparel,Athletic Shorts,6,251.57,25,1132.07,19.22,Wire Transfer,cancelled,Enterprise,,
ORD-2024-00472,2024-06-09,CUST-4056,Europe,Automotive,Tire Pressure Gauge,5,564.84,25,2118.15,30.22,Invoice,completed,Enterprise,,David Kim
ORD-2024-00473,2024-05-17,CUST-5919,Middle East,Automotive,Car Vacuum,12,566.44,5,6457.42,16.39,PayPal,completed,SMB,,Alice Chen
ORD-2024-00474,2024-11-20,CUST-2860,Europe,Automotive,Phone Mount,5,583.62,10,2626.29,30.91,PayPal,completed,Startup,,
ORD-2024-00475,2024-06-07,CUST-5233,Latin America,Toys,Puzzle Set,7,384.02,0,2688.14,9.09,Credit Card,pending,SMB,,
ORD-2024-00476,2024-03-31,CUST-6954,North America,Toys,Building Blocks,1,773.89,0,773.89,14.13,Apple Pay,pending,Enterprise,,David Kim
ORD-2024-00477,2024-03-12,CUST-4900,Europe,Apparel,Athletic Shorts,12,453.72,0,5444.64,23.49,Credit Card,pending,Startup,,Carol Singh
ORD-2024-00478,2024-06-17,CUST-5166,Middle East,Automotive,Floor Mats,7,202.25,0,1415.75,7.88,Apple Pay,pending,Startup,,
ORD-2024-00479,2024-09-30,CUST-7025,Asia Pacific,Apparel,Denim Jeans,9,385.59,5,3296.79,43.35,Apple Pay,completed,Consumer,,
ORD-2024-00480,2024-11-06,CUST-4872,North America,Electronics,Smart Watch,5,500.48,10,2252.16,28.75,Invoice,cancelled,Enterprise,,David Kim
ORD-2024-00481,2024-05-10,CUST-5489,Asia Pacific,Apparel,Running Shoes,5,195.45,0,977.25,41.22,Credit Card,cancelled,Startup,,David Kim
ORD-2024-00482,2024-08-29,CUST-9973,Latin America,Books,Biography,2,742.54,10,1336.57,22.79,Invoice,cancelled,Startup,,Alice Chen
ORD-2024-00483,2024-01-27,CUST-5089,Europe,Toys,Board Game,1,364.99,10,328.49,14.12,PayPal,completed,Enterprise,,Bob Martinez
ORD-2024-00484,2024-10-31,CUST-2382,Latin America,Books,Biography,8,786.29,0,6290.32,11.73,PayPal,cancelled,Consumer,,David Kim
ORD-2024-00485,2024-10-19,CUST-3764,Europe,Electronics,Wireless Earbuds,9,584.57,5,4998.07,40.81,Wire Transfer,shipped,SMB,yes,
ORD-2024-00486,2024-05-13,CUST-2941,Europe,Apparel,Denim Jeans,3,851.99,0,2555.97,0.64,Apple Pay,returned,Startup,,Carol Singh
ORD-2024-00487,2024-05-27,CUST-3955,Latin America,Automotive,Floor Mats,7,771.0,5,5127.15,44.78,Apple Pay,pending,SMB,,
ORD-2024-00488,2024-05-28,CUST-8682,Asia Pacific,Sports,Cycling Helmet,8,816.43,15,5551.72,26.23,Credit Card,shipped,Enterprise,,David Kim
ORD-2024-00489,2024-12-17,CUST-4847,Europe,Automotive,Tire Pressure Gauge,12,540.1,0,6481.2,4.29,Wire Transfer,completed,Enterprise,,
ORD-2024-00490,2024-12-09,CUST-1673,Middle East,Electronics,Wireless Earbuds,5,457.55,20,1830.2,13.61,PayPal,returned,Consumer,,
ORD-2024-00491,2024-09-09,CUST-3095,Asia Pacific,Toys,Board Game,2,290.73,20,465.17,6.38,Credit Card,completed,Consumer,,Carol Singh
ORD-2024-00492,2024-07-03,CUST-9049,Latin America,Beauty,Moisturizer,10,747.16,10,6724.44,23.26,Wire Transfer,returned,SMB,,David Kim
ORD-2024-00493,2024-01-28,CUST-9108,Europe,Home & Garden,Air Purifier,4,171.18,25,513.54,11.71,Credit Card,shipped,Startup,yes,
ORD-2024-00494,2024-09-05,CUST-3757,Latin America,Toys,Building Blocks,12,780.39,0,9364.68,15.73,PayPal,completed,Consumer,,
ORD-2024-00495,2024-12-05,CUST-2545,Middle East,Sports,Cycling Helmet,1,476.68,0,476.68,18.74,Apple Pay,completed,SMB,,
ORD-2024-00496,2024-12-14,CUST-8540,North America,Automotive,Phone Mount,10,835.87,0,8358.7,37.66,Credit Card,completed,Enterprise,,David Kim
ORD-2024-00497,2024-11-17,CUST-5635,Asia Pacific,Electronics,4K Monitor,1,592.65,25,444.49,14.62,Credit Card,completed,SMB,,
ORD-2024-00498,2024-02-06,CUST-4411,Middle East,Automotive,Dash Cam,7,235.35,5,1565.08,43.43,Credit Card,returned,Enterprise,,Carol Singh
ORD-2024-00499,2024-11-27,CUST-7020,Europe,Apparel,Denim Jeans,8,721.78,10,5196.82,40.67,Credit Card,completed,Consumer,,David Kim
ORD-2024-00500,2024-08-31,CUST-9410,Asia Pacific,Automotive,Dash Cam,7,730.6,0,5114.2,19.53,Credit Card,returned,Enterprise,,Bob Martinez
ORD-2024-00501,2024-11-27,CUST-5921,Europe,Toys,Puzzle Set,11,584.68,0,6431.48,13.08,Apple Pay,returned,Enterprise,,
ORD-2024-00502,2024-06-02,CUST-2548,Europe,Automotive,Phone Mount,10,50.53,0,505.3,41.28,Apple Pay,completed,Startup,,Carol Singh
ORD-2024-00503,2024-06-30,CUST-2364,Asia Pacific,Apparel,Athletic Shorts,1,109.52,25,82.14,8.08,Credit Card,completed,Startup,,Carol Singh
ORD-2024-00504,2024-10-27,CUST-8107,Latin America,Toys,Puzzle Set,5,312.13,0,1560.65,9.5,Credit Card,completed,Consumer,,
ORD-2024-00505,2024-02-29,CUST-2435,North America,Home & Garden,Memory Foam Pillow,8,624.4,25,3746.4,13.63,Wire Transfer,cancelled,Startup,,
ORD-2024-00506,2024-02-27,CUST-5930,North America,Sports,Yoga Mat,4,436.68,0,1746.72,29.24,Credit Card,returned,SMB,,
ORD-2024-00507,2024-08-04,CUST-4975,North America,Apparel,Running Shoes,3,666.25,25,1499.06,43.37,Apple Pay,shipped,Enterprise,,David Kim
ORD-2024-00508,2024-01-27,CUST-8987,Asia Pacific,Electronics,Wireless Earbuds,11,763.24,20,6716.51,44.08,Credit Card,shipped,Consumer,,
ORD-2024-00509,2024-12-13,CUST-2915,Latin America,Sports,Yoga Mat,9,24.95,15,190.87,24.9,Apple Pay,pending,Startup,,Carol Singh
ORD-2024-00510,2024-08-17,CUST-6556,Latin America,Electronics,Smart Watch,5,655.05,25,2456.44,15.47,Invoice,completed,SMB,,David Kim
ORD-2024-00511,2024-03-08,CUST-2412,Asia Pacific,Automotive,Tire Pressure Gauge,11,589.38,15,5510.7,35.82,Wire Transfer,completed,SMB,,
ORD-2024-00512,2024-04-12,CUST-6878,Europe,Toys,Building Blocks,7,848.26,25,4453.36,13.66,Credit Card,completed,Enterprise,,Bob Martinez
ORD-2024-00513,2024-03-30,CUST-6575,Middle East,Electronics,Wireless Earbuds,6,391.68,5,2232.58,5.43,Wire Transfer,completed,Startup,,
ORD-2024-00514,2024-05-16,CUST-2727,Europe,Apparel,Winter Jacket,8,719.9,0,5759.2,43.86,Invoice,completed,Enterprise,,
ORD-2024-00515,2024-04-15,CUST-6482,Asia Pacific,Home & Garden,LED Desk Lamp,12,401.39,25,3612.51,32.96,Wire Transfer,completed,SMB,,
ORD-2024-00516,2024-04-13,CUST-7101,Latin America,Automotive,Dash Cam,4,751.82,25,2255.46,15.36,Wire Transfer,completed,Enterprise,,Bob Martinez
ORD-2024-00517,2024-03-18,CUST-8251,Middle East,Automotive,Floor Mats,3,722.38,20,1733.71,41.31,Credit Card,shipped,Consumer,,
ORD-2024-00518,2024-09-21,CUST-1947,North America,Apparel,Denim Jeans,6,365.87,0,2195.22,19.53,PayPal,returned,Enterprise,,
ORD-2024-00519,2024-05-31,CUST-3406,Latin America,Automotive,Car Vacuum,5,650.9,15,2766.32,40.92,Invoice,completed,Consumer,,Bob Martinez
ORD-2024-00520,2024-10-05,CUST-6480,Middle East,Toys,RC Car,11,368.41,5,3849.88,39.64,Invoice,completed,Enterprise,,Bob Martinez
ORD-2024-00521,2024-09-23,CUST-9846,Middle East,Beauty,Hair Dryer,2,463.9,10,835.02,23.46,Credit Card,completed,Enterprise,,Carol Singh
ORD-2024-00522,2024-08-04,CUST-1085,Middle East,Apparel,Winter Jacket,6,239.44,15,1221.14,5.57,Wire Transfer,completed,Startup,,
ORD-2024-00523,2024-10-16,CUST-9461,Middle East,Sports,Tennis Racket,5,261.52,0,1307.6,32.15,Wire Transfer,completed,Enterprise,,Carol Singh
ORD-2024-00524,2024-08-20,CUST-8309,North America,Home & Garden,Memory Foam Pillow,7,81.01,0,567.07,19.12,PayPal,completed,Startup,yes,David Kim
ORD-2024-00525,2024-10-28,CUST-3364,Middle East,Automotive,Phone Mount,10,452.46,20,3619.68,44.84,PayPal,shipped,Startup,,David Kim
ORD-2024-00526,2024-03-07,CUST-7694,Middle East,Apparel,Running Shoes,8,429.76,0,3438.08,42.48,Invoice,cancelled,Enterprise,,Carol Singh
ORD-2024-00527,2024-01-21,CUST-3328,Middle East,Home & Garden,Air Purifier,6,279.69,15,1426.42,13.65,PayPal,shipped,Enterprise,,Carol Singh
ORD-2024-00528,2024-05-25,CUST-6074,Europe,Home & Garden,Memory Foam Pillow,1,116.99,15,99.44,3.04,Apple Pay,completed,Startup,,David Kim
ORD-2024-00529,2024-08-31,CUST-7711,Middle East,Home & Garden,Ceramic Planter,9,575.09,25,3881.86,30.02,Credit Card,completed,Consumer,,Carol Singh
ORD-2024-00530,2024-10-03,CUST-2395,North America,Toys,RC Car,11,86.88,0,955.68,31.82,Invoice,pending,Enterprise,,
ORD-2024-00531,2024-01-28,CUST-4371,Middle East,Sports,Hiking Backpack,9,807.11,0,7263.99,29.62,Wire Transfer,completed,Enterprise,,
ORD-2024-00532,2024-08-15,CUST-9649,North America,Books,Biography,10,48.08,0,480.8,15.3,Credit Card,completed,Startup,,Alice Chen
ORD-2024-00533,2024-02-20,CUST-6329,Middle East,Home & Garden,LED Desk Lamp,3,170.76,0,512.28,6.94,Credit Card,returned,SMB,,Carol Singh
ORD-2024-00534,2024-07-18,CUST-4925,North America,Books,Fiction Bestseller,7,803.67,10,5063.12,16.9,PayPal,completed,Enterprise,,David Kim
ORD-2024-00535,2024-09-17,CUST-7676,Middle East,Automotive,Dash Cam,5,62.02,25,232.58,24.89,Credit Card,completed,Startup,,Alice Chen
ORD-2024-00536,2024-05-17,CUST-9199,Middle East,Apparel,Running Shoes,9,588.53,0,5296.77,13.71,Credit Card,returned,Startup,,Carol Singh
ORD-2024-00537,2024-10-03,CUST-1008,Europe,Sports,Cycling Helmet,7,864.56,25,4538.94,1.88,PayPal,shipped,Consumer,yes,Carol Singh
ORD-2024-00538,2024-11-02,CUST-7476,Asia Pacific,Automotive,Phone Mount,11,197.56,10,1955.84,2.05,Credit Card,completed,Consumer,,
ORD-2024-00539,2024-05-23,CUST-5473,Latin America,Sports,Cycling Helmet,9,861.06,15,6587.11,39.78,Apple Pay,cancelled,Consumer,,Carol Singh
ORD-2024-00540,2024-04-17,CUST-7769,Latin America,Books,Data Science Handbook,12,127.15,0,1525.8,27.4,PayPal,completed,Enterprise,,David Kim
ORD-2024-00541,2024-07-20,CUST-6864,Middle East,Apparel,Winter Jacket,9,35.57,25,240.1,30.25,Invoice,cancelled,Startup,,Alice Chen
ORD-2024-00542,2024-03-04,CUST-5967,Latin America,Books,Fiction Bestseller,8,16.34,0,130.72,34.13,Credit Card,cancelled,SMB,,David Kim
ORD-2024-00543,2024-07-04,CUST-9197,North America,Beauty,Perfume Set,12,637.91,5,7272.17,0.32,Wire Transfer,returned,Enterprise,,
ORD-2024-00544,2024-12-10,CUST-1378,Middle East,Home & Garden,Air Purifier,10,122.27,0,1222.7,5.73,PayPal,completed,Consumer,,
ORD-2024-00545,2024-11-10,CUST-5489,Asia Pacific,Toys,Building Blocks,7,579.1,0,4053.7,38.42,Apple Pay,cancelled,Startup,,David Kim
ORD-2024-00546,2024-07-04,CUST-4188,Middle East,Electronics,Smart Watch,1,255.64,20,204.51,23.96,Apple Pay,cancelled,Enterprise,,Alice Chen
ORD-2024-00547,2024-04-25,CUST-8077,Latin America,Apparel,Running Shoes,4,154.55,10,556.38,2.83,Apple Pay,completed,Enterprise,,Carol Singh
ORD-2024-00548,2024-05-08,CUST-8184,Europe,Apparel,Silk Scarf,4,862.29,0,3449.16,36.97,Invoice,completed,Enterprise,,
ORD-2024-00549,2024-03-04,CUST-5939,North America,Electronics,Wireless Earbuds,7,287.13,0,2009.91,35.22,Credit Card,completed,Startup,,Alice Chen
ORD-2024-00550,2024-12-12,CUST-8605,North America,Electronics,4K Monitor,7,365.9,20,2049.04,10.49,Apple Pay,completed,Startup,,
ORD-2024-00551,2024-02-21,CUST-4172,Asia Pacific,Electronics,Mechanical Keyboard,9,300.42,5,2568.59,4.86,Invoice,completed,Enterprise,,
ORD-2024-00552,2024-09-17,CUST-3091,Asia Pacific,Books,Biography,8,653.64,25,3921.84,8.37,Credit Card,completed,Enterprise,,Carol Singh
ORD-2024-00553,2024-06-08,CUST-4889,Middle East,Home & Garden,Ceramic Planter,8,283.03,15,1924.6,13.1,Credit Card,completed,SMB,,Alice Chen
ORD-2024-00554,2024-08-04,CUST-6425,Asia Pacific,Sports,Dumbbell Set,11,817.47,0,8992.17,15.37,Invoice,shipped,Startup,,Carol Singh
ORD-2024-00555,2024-11-11,CUST-8643,Asia Pacific,Automotive,Phone Mount,3,101.42,0,304.26,22.32,PayPal,completed,SMB,,Carol Singh
ORD-2024-00556,2024-07-11,CUST-8215,Europe,Automotive,Floor Mats,1,331.27,0,331.27,16.1,Wire Transfer,completed,SMB,,Carol Singh
ORD-2024-00557,2024-01-23,CUST-4211,North America,Sports,Dumbbell Set,5,163.16,10,734.22,32.35,PayPal,cancelled,SMB,yes,Alice Chen
ORD-2024-00558,2024-01-11,CUST-9633,Europe,Automotive,Dash Cam,6,842.08,10,4547.23,20.53,PayPal,cancelled,Consumer,,David Kim
ORD-2024-00559,2024-12-30,CUST-8037,North America,Apparel,Running Shoes,3,716.25,5,2041.31,23.96,Invoice,cancelled,Consumer,,Alice Chen
ORD-2024-00560,2024-11-11,CUST-9011,Middle East,Sports,Cycling Helmet,5,711.52,15,3023.96,11.12,Invoice,pending,SMB,,
ORD-2024-00561,2024-08-28,CUST-7125,Middle East,Apparel,Running Shoes,9,353.81,15,2706.65,22.44,Wire Transfer,shipped,SMB,,David Kim
ORD-2024-00562,2024-08-30,CUST-4581,Asia Pacific,Automotive,Car Vacuum,11,40.61,5,424.37,40.27,Apple Pay,shipped,SMB,,
ORD-2024-00563,2024-03-21,CUST-1674,Asia Pacific,Beauty,Makeup Kit,2,127.69,0,255.38,13.28,Invoice,cancelled,SMB,,David Kim
ORD-2024-00564,2024-08-18,CUST-4830,Latin America,Automotive,Tire Pressure Gauge,6,724.81,15,3696.53,12.29,Apple Pay,completed,SMB,,
ORD-2024-00565,2024-02-12,CUST-6394,Asia Pacific,Apparel,Denim Jeans,4,95.68,0,382.72,16.21,PayPal,completed,Consumer,,Carol Singh
ORD-2024-00566,2024-04-07,CUST-1194,Middle East,Home & Garden,Tool Set,5,15.6,10,70.2,12.68,Apple Pay,cancelled,Startup,,Bob Martinez
ORD-2024-00567,2024-07-22,CUST-6129,Europe,Sports,Dumbbell Set,8,216.25,25,1297.5,32.51,Credit Card,shipped,Consumer,,David Kim
ORD-2024-00568,2024-04-17,CUST-6567,Latin America,Toys,Puzzle Set,1,341.86,0,341.86,13.75,Wire Transfer,completed,Startup,,David Kim
ORD-2024-00569,2024-12-19,CUST-7404,Middle East,Beauty,Moisturizer,10,28.71,0,287.1,41.5,Invoice,completed,Consumer,,David Kim
ORD-2024-00570,2024-02-02,CUST-2709,Middle East,Automotive,Floor Mats,8,104.8,25,628.8,28.76,PayPal,pending,Enterprise,,
ORD-2024-00571,2024-09-07,CUST-2146,North America,Home & Garden,Ceramic Planter,2,820.01,20,1312.02,12.77,Invoice,completed,Consumer,,Alice Chen
ORD-2024-00572,2024-03-28,CUST-4382,Asia Pacific,Automotive,Tire Pressure Gauge,3,889.73,0,2669.19,24.14,Apple Pay,shipped,Enterprise,,David Kim
ORD-2024-00573,2024-12-29,CUST-1121,Latin America,Home & Garden,Tool Set,10,844.79,5,8025.5,22.61,PayPal,shipped,Consumer,,David Kim
ORD-2024-00574,2024-11-05,CUST-5873,Europe,Books,Children's Atlas,8,418.04,0,3344.32,33.18,Wire Transfer,pending,Startup,,Bob Martinez
ORD-2024-00575,2024-07-31,CUST-1715,Europe,Home & Garden,Tool Set,12,392.98,20,3772.61,40.99,Apple Pay,completed,Enterprise,,Carol Singh
ORD-2024-00576,2024-11-17,CUST-2253,Middle East,Beauty,Vitamin C Serum,12,655.35,5,7470.99,40.89,Wire Transfer,returned,Enterprise,,Carol Singh
ORD-2024-00577,2024-07-28,CUST-7542,Latin America,Home & Garden,LED Desk Lamp,4,458.9,25,1376.7,1.2,Wire Transfer,shipped,Startup,,Alice Chen
ORD-2024-00578,2024-05-08,CUST-3297,North America,Home & Garden,LED Desk Lamp,11,675.07,25,5569.33,20.76,Apple Pay,completed,SMB,,Bob Martinez
ORD-2024-00579,2024-03-28,CUST-8219,North America,Apparel,Running Shoes,5,118.62,20,474.48,7.58,PayPal,completed,Consumer,,Alice Chen
ORD-2024-00580,2024-12-11,CUST-1076,Middle East,Sports,Hiking Backpack,12,50.55,0,606.6,17.58,Credit Card,pending,Startup,yes,Bob Martinez
ORD-2024-00581,2024-05-07,CUST-4613,Asia Pacific,Sports,Dumbbell Set,2,22.29,0,44.58,44.52,Credit Card,cancelled,SMB,,
ORD-2024-00582,2024-12-06,CUST-7472,Europe,Home & Garden,Air Purifier,7,464.64,15,2764.61,14.52,Invoice,completed,SMB,,
ORD-2024-00583,2024-04-19,CUST-2081,North America,Books,Cookbook,3,21.36,15,54.47,0.54,PayPal,completed,Startup,,
ORD-2024-00584,2024-07-07,CUST-2552,North America,Apparel,Running Shoes,7,276.67,25,1452.52,44.24,Wire Transfer,completed,SMB,,David Kim
ORD-2024-00585,2024-12-13,CUST-1289,Europe,Books,Fiction Bestseller,11,686.69,15,6420.55,44.01,Wire Transfer,shipped,Enterprise,,David Kim
ORD-2024-00586,2024-09-18,CUST-2300,Europe,Electronics,Smart Watch,1,557.17,0,557.17,13.9,Invoice,returned,SMB,yes,Carol Singh
ORD-2024-00587,2024-04-13,CUST-6202,Europe,Automotive,Floor Mats,11,41.77,25,344.6,33.27,Wire Transfer,cancelled,SMB,,
ORD-2024-00588,2024-07-31,CUST-7250,Asia Pacific,Electronics,Smart Watch,12,303.16,5,3456.02,9.26,PayPal,completed,SMB,,Alice Chen
ORD-2024-00589,2024-02-03,CUST-9992,Latin America,Apparel,Running Shoes,1,573.22,0,573.22,42.22,PayPal,completed,Enterprise,,Bob Martinez
ORD-2024-00590,2024-09-16,CUST-5675,North America,Automotive,Tire Pressure Gauge,5,154.27,5,732.78,11.02,Wire Transfer,completed,SMB,,Bob Martinez
ORD-2024-00591,2024-05-19,CUST-1324,Latin America,Apparel,Denim Jeans,7,344.55,25,1808.89,19.86,Apple Pay,returned,SMB,,Alice Chen
ORD-2024-00592,2024-06-02,CUST-8878,Middle East,Home & Garden,Tool Set,12,164.55,20,1579.68,20.86,Apple Pay,shipped,Consumer,yes,
ORD-2024-00593,2024-08-28,CUST-7292,Europe,Home & Garden,Ceramic Planter,1,19.44,15,16.52,22.12,Wire Transfer,returned,Startup,,
ORD-2024-00594,2024-02-06,CUST-9349,Latin America,Electronics,Wireless Earbuds,7,838.53,0,5869.71,8.74,Wire Transfer,returned,Consumer,,Carol Singh
ORD-2024-00595,2024-12-22,CUST-5281,North America,Automotive,Tire Pressure Gauge,12,227.89,25,2051.01,1.55,PayPal,cancelled,Enterprise,,Bob Martinez
ORD-2024-00596,2024-05-10,CUST-3716,Europe,Home & Garden,Air Purifier,2,694.94,20,1111.9,17.9,Apple Pay,completed,SMB,,Carol Singh
ORD-2024-00597,2024-09-13,CUST-4432,Middle East,Automotive,Car Vacuum,5,661.93,0,3309.65,4.92,Wire Transfer,cancelled,SMB,,Carol Singh
ORD-2024-00598,2024-01-04,CUST-3890,Europe,Toys,Building Blocks,2,70.23,20,112.37,23.62,PayPal,pending,Startup,,Bob Martinez
ORD-2024-00599,2024-09-06,CUST-7697,Europe,Apparel,Silk Scarf,10,733.6,0,7336.0,9.04,Wire Transfer,completed,SMB,,Alice Chen
ORD-2024-00600,2024-11-21,CUST-8949,Europe,Apparel,Denim Jeans,2,344.56,10,620.21,2.89,Apple Pay,completed,SMB,,
